text,label,source
"Anime là một hình thức nghệ thuật độc đáo đến từ Nhật Bản.","Anime","Website"
"Các nhân vật trong anime thường rất phong phú và đa dạng.","Anime","Báo"
"Phim hoạt hình giúp trẻ em phát triển trí tưởng tượng.","Hoạt hình","Tạp chí"
"Nhạc phim anime thường rất ấn tượng và dễ nhớ.","Anime","Website"
"Chủ đề tình bạn là một phần quan trọng trong nhiều bộ anime.","Anime","Báo"
"Hoạt hình Disney luôn có sức hút với trẻ nhỏ.","Hoạt hình","Tạp chí"
"Anime có thể truyền tải nhiều thông điệp sâu sắc về cuộc sống.","Anime","Website"
"Phong cách vẽ trong anime rất đặc trưng và dễ nhận diện.","Anime","Báo"
"Phim hoạt hình 3D đang trở thành xu hướng hiện đại.","Hoạt hình","Tạp chí"
"Anime thường có những pha hành động mãn nhãn.","Anime","Website"
"Nhiều bộ anime nổi tiếng đã được chuyển thể thành phim điện ảnh.","Anime","Báo"
"Nhân vật phản diện trong anime thường rất phức tạp.","Anime","Tạp chí"
"Hoạt hình là phương tiện giáo dục hiệu quả cho trẻ em.","Hoạt hình","Website"
"Các bộ anime thường khám phá các chủ đề tâm lý sâu sắc.","Anime","Báo"
"Phim hoạt hình giúp trẻ em hiểu biết hơn về thế giới.","Hoạt hình","Tạp chí"
"Các fan anime thường tổ chức các sự kiện để giao lưu.","Anime","Website"
"Hoạt hình Nhật Bản thường mang đậm văn hóa và truyền thống.","Hoạt hình","Báo"
"Nhiều anime đã đạt được giải thưởng quốc tế về nghệ thuật.","Anime","Tạp chí"
"Phim hoạt hình có thể dạy trẻ em về tình bạn và sự chia sẻ.","Hoạt hình","Website"
"Anime shounen thường có nhiều yếu tố hành động và phiêu lưu.","Anime","Báo"
"Phim hoạt hình có thể là một cách giải trí thú vị cho gia đình.","Hoạt hình","Tạp chí"
"Anime slice of life thường tập trung vào cuộc sống hàng ngày.","Anime","Website"
"Các bộ anime thường có cốt truyện phức tạp và hấp dẫn.","Anime","Báo"
"Hoạt hình 2D vẫn luôn có chỗ đứng vững chắc trong lòng người hâm mộ.","Hoạt hình","Tạp chí"
"Anime lãng mạn thường chạm đến trái tim người xem.","Anime","Website"
"Phim hoạt hình giúp phát triển tư duy sáng tạo cho trẻ em.","Hoạt hình","Báo"
"Nhạc nền trong anime có thể khiến người xem cảm xúc hơn.","Anime","Tạp chí"
"Anime thường khám phá những khía cạnh sâu sắc của tình yêu.","Anime","Website"
"Các nhân vật nữ trong anime thường rất mạnh mẽ và độc lập.","Anime","Báo"
"Hoạt hình không chỉ dành cho trẻ em mà còn cho người lớn.","Hoạt hình","Tạp chí"
"Nhiều anime nổi tiếng đã trở thành biểu tượng văn hóa toàn cầu.","Anime","Website"
"Phim hoạt hình có thể chứa đựng nhiều bài học cuộc sống giá trị.","Hoạt hình","Báo"
"Anime có nhiều thể loại khác nhau như hành động, hài hước và tâm lý.","Anime","Tạp chí"
"Nhân vật chính trong anime thường có một hành trình phát triển đáng nhớ.","Anime","Website"
"Các bộ phim hoạt hình cổ điển vẫn được yêu thích đến ngày nay.","Hoạt hình","Báo"
"Anime thường sử dụng những yếu tố siêu nhiên để thu hút người xem.","Anime","Tạp chí"
"Phim hoạt hình Nhật Bản thường có phong cách nghệ thuật độc đáo.","Hoạt hình","Website"
"Anime thường có những câu chuyện tình yêu đầy cảm xúc.","Anime","Báo"
"Các bộ anime thường có những thông điệp mạnh mẽ về tình bạn.","Anime","Tạp chí"
"Hoạt hình giúp trẻ em phát triển khả năng giao tiếp xã hội.","Hoạt hình","Website"
"Anime có thể làm cho người xem cảm thấy đồng cảm với các nhân vật.","Anime","Báo"
"Nhân vật trong anime thường có những khả năng đặc biệt.","Anime","Tạp chí"
"Phim hoạt hình giúp mở rộng tầm hiểu biết về văn hóa khác.","Hoạt hình","Website"
"Các bộ anime thường có nhiều cảnh hành động hấp dẫn.","Anime","Báo"
"Nhạc phim anime có thể tạo ra không khí đặc biệt cho câu chuyện.","Anime","Tạp chí"
"Phim hoạt hình có thể dạy trẻ em về giá trị của sự đoàn kết.","Hoạt hình","Website"
"Anime mang đến những giây phút thư giãn tuyệt vời cho người xem.","Anime","Báo"
"Các bộ phim hoạt hình thường mang lại những tiếng cười sảng khoái.","Hoạt hình","Tạp chí"
"Anime có thể khiến người xem khóc và cười cùng lúc.","Anime","Website"
"Các nhân vật trong anime thường trở thành biểu tượng cho thế hệ.","Anime","Báo"
"Phim hoạt hình có thể khiến người xem cảm thấy hồi hộp.","Hoạt hình","Tạp chí"
"Anime thường khám phá các vấn đề xã hội trong một cách sâu sắc.","Anime","Website"
"Các bộ phim hoạt hình thường có những kết thúc bất ngờ.","Hoạt hình","Báo"
"Anime giúp người xem có cái nhìn sâu sắc hơn về cuộc sống.","Anime","Tạp chí"
"Nhân vật trong anime thường có quá khứ phức tạp và thú vị.","Anime","Website"
"Phim hoạt hình giúp trẻ em hiểu về sự khác biệt giữa người và người.","Hoạt hình","Báo"
"Anime có thể tạo ra những mối quan hệ gắn kết giữa các fan.","Anime","Tạp chí"
"Các bộ phim hoạt hình thường mang lại cảm giác ấm áp và hạnh phúc.","Hoạt hình","Website"
"Anime thường sử dụng những yếu tố văn hóa đặc trưng của Nhật Bản.","Anime","Báo"
"Phim hoạt hình có thể giúp phát triển kỹ năng tư duy của trẻ em.","Hoạt hình","Tạp chí"
"Các bộ anime nổi tiếng thường có lượng fan trung thành lớn.","Anime","Website"
"Anime thường khám phá những khía cạnh sâu sắc của tình yêu và sự mất mát.","Anime","Báo"
"Các nhân vật trong anime thường có sự phát triển mạnh mẽ trong suốt câu chuyện.","Anime","Tạp chí"
"Phim hoạt hình không chỉ mang tính giải trí mà còn giáo dục.","Hoạt hình","Website"
"Các bộ anime thường có nội dung đa dạng và phong phú.","Anime","Báo"
"Anime có thể tạo ra những giây phút đáng nhớ cho người xem.","Anime","Tạp chí"
"Phim hoạt hình giúp truyền tải thông điệp một cách sinh động và dễ hiểu.","Hoạt hình","Website"
"Các nhân vật trong anime thường có các mối quan hệ phức tạp và thú vị.","Anime","Báo"
"Phim hoạt hình có thể chạm đến những vấn đề xã hội quan trọng.","Hoạt hình","Tạp chí"
"Anime giúp người xem cảm nhận được vẻ đẹp của cuộc sống.","Anime","Website"
"Nhạc phim anime thường được các nghệ sĩ nổi tiếng sáng tác.","Anime","Báo"
"Các bộ phim hoạt hình thường có sự kết hợp giữa nghệ thuật và công nghệ.","Hoạt hình","Tạp chí"
