text,label,source,combined
Bóng đá là môn thể thao phổ biến.,Thể thao,Website,Bóng đá là môn thể thao phổ biến. Website
Cúp World Cup diễn ra bốn năm một lần.,Thể thao,Website,Cúp World Cup diễn ra bốn năm một lần. Website
Phim mới ra mắt rất thú vị.,Giải trí,Báo,Phim mới ra mắt rất thú vị. Báo
Sân khấu kịch sẽ có nhiều vở mới.,Giải trí,Báo,Sân khấu kịch sẽ có nhiều vở mới. Báo
Đua xe là môn thể thao mạo hiểm.,Thể thao,Tạp chí,Đua xe là môn thể thao mạo hiểm. Tạp chí
Nhạc rock luôn có một lượng fan đông đảo.,Giải trí,Website,Nhạc rock luôn có một lượng fan đông đảo. Website
Bóng rổ là một môn thể thao hấp dẫn.,Thể thao,Tạp chí,Bóng rổ là một môn thể thao hấp dẫn. Tạp chí
Phim hoạt hình rất được yêu thích.,Giải trí,Website,Phim hoạt hình rất được yêu thích. Website
Cầu lông là môn thể thao thú vị.,Thể thao,Website,Cầu lông là môn thể thao thú vị. Website
Chương trình truyền hình này rất vui.,Giải trí,Báo,Chương trình truyền hình này rất vui. Báo
Đá bóng là một sở thích phổ biến.,Thể thao,Tạp chí,Đá bóng là một sở thích phổ biến. Tạp chí
Hài kịch mang lại nhiều tiếng cười.,Giải trí,Báo,Hài kịch mang lại nhiều tiếng cười. Báo
Xem bóng đá là phổ biến.,Thể thao,Website,Xem bóng đá là phổ biến. Website
Bóng đá là sở thích.,Thể thao,Tạp chí,Bóng đá là sở thích. Tạp chí
Đá cầu là môn thể thao truyền thống.,Thể thao,Website,Đá cầu là môn thể thao truyền thống. Website
Giải đua xe công thức 1 rất kịch tính.,Thể thao,Website,Giải đua xe công thức 1 rất kịch tính. Website
Bộ phim này có nhiều cảnh hành động.,Giải trí,Báo,Bộ phim này có nhiều cảnh hành động. Báo
Nhạc pop đang trở thành xu hướng hiện nay.,Giải trí,Báo,Nhạc pop đang trở thành xu hướng hiện nay. Báo
Vở kịch này đã nhận được nhiều giải thưởng.,Giải trí,Tạp chí,Vở kịch này đã nhận được nhiều giải thưởng. Tạp chí
Chương trình ca nhạc có nhiều tiết mục đặc sắc.,Giải trí,Báo,Chương trình ca nhạc có nhiều tiết mục đặc sắc. Báo
Xem bóng chuyền rất thú vị.,Thể thao,Website,Xem bóng chuyền rất thú vị. Website
Cuộc thi thể thao học sinh năm nay rất thành công.,Thể thao,Website,Cuộc thi thể thao học sinh năm nay rất thành công. Website
Phim hài hước luôn thu hút đông đảo khán giả.,Giải trí,Báo,Phim hài hước luôn thu hút đông đảo khán giả. Báo
Môn thể thao điện tử ngày càng phổ biến.,Thể thao,Tạp chí,Môn thể thao điện tử ngày càng phổ biến. Tạp chí
Sân vận động luôn chật kín khán giả vào ngày cuối tuần.,Thể thao,Tạp chí,Sân vận động luôn chật kín khán giả vào ngày cuối tuần. Tạp chí
Các giải đấu thể thao quốc tế luôn thu hút sự quan tâm.,Thể thao,Website,Các giải đấu thể thao quốc tế luôn thu hút sự quan tâm. Website
MMO là một lĩnh vực đang phát triển mạnh mẽ.,MMO,Website,MMO là một lĩnh vực đang phát triển mạnh mẽ. Website
Tham gia MMO có thể mang lại thu nhập cao.,MMO,Website,Tham gia MMO có thể mang lại thu nhập cao. Website
Game thủ MMO luôn tìm kiếm cơ hội mới.,MMO,Website,Game thủ MMO luôn tìm kiếm cơ hội mới. Website
Nghề nghiệp trong MMO ngày càng đa dạng.,MMO,Website,Nghề nghiệp trong MMO ngày càng đa dạng. Website
Bóng đá là môn thể thao phổ biến.,Thể thao,Website,Bóng đá là môn thể thao phổ biến. Website
Cúp World Cup diễn ra bốn năm một lần.,Thể thao,Website,Cúp World Cup diễn ra bốn năm một lần. Website
Phim mới ra mắt rất thú vị.,Giải trí,Báo,Phim mới ra mắt rất thú vị. Báo
Sân khấu kịch sẽ có nhiều vở mới.,Giải trí,Báo,Sân khấu kịch sẽ có nhiều vở mới. Báo
Đua xe là môn thể thao mạo hiểm.,Thể thao,Tạp chí,Đua xe là môn thể thao mạo hiểm. Tạp chí
Nhạc rock luôn có một lượng fan đông đảo.,Giải trí,Website,Nhạc rock luôn có một lượng fan đông đảo. Website
Bóng rổ là một môn thể thao hấp dẫn.,Thể thao,Tạp chí,Bóng rổ là một môn thể thao hấp dẫn. Tạp chí
Phim hoạt hình rất được yêu thích.,Giải trí,Website,Phim hoạt hình rất được yêu thích. Website
Cầu lông là môn thể thao thú vị.,Thể thao,Website,Cầu lông là môn thể thao thú vị. Website
Chương trình truyền hình này rất vui.,Giải trí,Báo,Chương trình truyền hình này rất vui. Báo
Đá bóng là một sở thích phổ biến.,Thể thao,Tạp chí,Đá bóng là một sở thích phổ biến. Tạp chí
Hài kịch mang lại nhiều tiếng cười.,Giải trí,Báo,Hài kịch mang lại nhiều tiếng cười. Báo
Xem bóng đá là phổ biến.,Thể thao,Website,Xem bóng đá là phổ biến. Website
Bóng đá là sở thích.,Thể thao,Tạp chí,Bóng đá là sở thích. Tạp chí
Đá cầu là môn thể thao truyền thống.,Thể thao,Website,Đá cầu là môn thể thao truyền thống. Website
Giải đua xe công thức 1 rất kịch tính.,Thể thao,Website,Giải đua xe công thức 1 rất kịch tính. Website
Bộ phim này có nhiều cảnh hành động.,Giải trí,Báo,Bộ phim này có nhiều cảnh hành động. Báo
Nhạc pop đang trở thành xu hướng hiện nay.,Giải trí,Báo,Nhạc pop đang trở thành xu hướng hiện nay. Báo
Vở kịch này đã nhận được nhiều giải thưởng.,Giải trí,Tạp chí,Vở kịch này đã nhận được nhiều giải thưởng. Tạp chí
Chương trình ca nhạc có nhiều tiết mục đặc sắc.,Giải trí,Báo,Chương trình ca nhạc có nhiều tiết mục đặc sắc. Báo
Xem bóng chuyền rất thú vị.,Thể thao,Website,Xem bóng chuyền rất thú vị. Website
Cuộc thi thể thao học sinh năm nay rất thành công.,Thể thao,Website,Cuộc thi thể thao học sinh năm nay rất thành công. Website
Phim hài hước luôn thu hút đông đảo khán giả.,Giải trí,Báo,Phim hài hước luôn thu hút đông đảo khán giả. Báo
Môn thể thao điện tử ngày càng phổ biến.,Thể thao,Tạp chí,Môn thể thao điện tử ngày càng phổ biến. Tạp chí
Sân vận động luôn chật kín khán giả vào ngày cuối tuần.,Thể thao,Tạp chí,Sân vận động luôn chật kín khán giả vào ngày cuối tuần. Tạp chí
Các giải đấu thể thao quốc tế luôn thu hút sự quan tâm.,Thể thao,Website,Các giải đấu thể thao quốc tế luôn thu hút sự quan tâm. Website
Trò chơi điện tử đang phát triển mạnh mẽ.,Thể thao,Tạp chí,Trò chơi điện tử đang phát triển mạnh mẽ. Tạp chí
Bóng chày là một môn thể thao thú vị.,Giải trí,Website,Bóng chày là một môn thể thao thú vị. Website
Sân vận động đầy ắp khán giả trong trận đấu lớn.,Thể thao,Website,Sân vận động đầy ắp khán giả trong trận đấu lớn. Website
Hài kịch đang trở thành thể loại yêu thích của giới trẻ.,Giải trí,Website,Hài kịch đang trở thành thể loại yêu thích của giới trẻ. Website
Cúp bóng đá châu Á sắp diễn ra.,Giải trí,Báo,Cúp bóng đá châu Á sắp diễn ra. Báo
Các chương trình truyền hình thực tế luôn thu hút sự chú ý.,Giải trí,Báo,Các chương trình truyền hình thực tế luôn thu hút sự chú ý. Báo
Sân bóng đá đang chuẩn bị cho trận đấu quan trọng.,Thể thao,Website,Sân bóng đá đang chuẩn bị cho trận đấu quan trọng. Website
Giải đua xe công thức 1 thu hút nhiều người hâm mộ.,Thể thao,Website,Giải đua xe công thức 1 thu hút nhiều người hâm mộ. Website
Phim hành động luôn mang lại cảm giác hồi hộp.,Giải trí,Báo,Phim hành động luôn mang lại cảm giác hồi hộp. Báo
Cuộc thi thể thao quốc tế thu hút nhiều đội tham gia.,Thể thao,Báo,Cuộc thi thể thao quốc tế thu hút nhiều đội tham gia. Báo
Hài kịch truyền hình đang rất được yêu thích.,Giải trí,Tạp chí,Hài kịch truyền hình đang rất được yêu thích. Tạp chí
Bóng chuyền bãi biển là môn thể thao thú vị.,Thể thao,Website,Bóng chuyền bãi biển là môn thể thao thú vị. Website
Trận chung kết bóng đá sẽ diễn ra vào cuối tuần này.,Thể thao,Tạp chí,Trận chung kết bóng đá sẽ diễn ra vào cuối tuần này. Tạp chí
Các môn thể thao điện tử đang phát triển nhanh chóng.,Thể thao,Website,Các môn thể thao điện tử đang phát triển nhanh chóng. Website
Hội chợ phim hoạt hình diễn ra mỗi năm một lần.,Giải trí,Website,Hội chợ phim hoạt hình diễn ra mỗi năm một lần. Website
Đua thuyền trên sông là một hoạt động thú vị.,Thể thao,Báo,Đua thuyền trên sông là một hoạt động thú vị. Báo
Nhạc sống luôn mang lại không khí sôi động.,Giải trí,Tạp chí,Nhạc sống luôn mang lại không khí sôi động. Tạp chí
Các buổi biểu diễn kịch đều bán hết vé.,Giải trí,Báo,Các buổi biểu diễn kịch đều bán hết vé. Báo
Phim hoạt hình Disney luôn thu hút trẻ em.,Giải trí,Website,Phim hoạt hình Disney luôn thu hút trẻ em. Website
Bộ phim này có nhiều diễn viên nổi tiếng.,Giải trí,Tạp chí,Bộ phim này có nhiều diễn viên nổi tiếng. Tạp chí
Chương trình thể thao cuối tuần thu hút đông đảo khán giả.,Thể thao,Website,Chương trình thể thao cuối tuần thu hút đông đảo khán giả. Website
Đá cầu là một trò chơi truyền thống tại Việt Nam.,Thể thao,Website,Đá cầu là một trò chơi truyền thống tại Việt Nam. Website
Các giải đấu thể thao quốc tế diễn ra liên tục.,Thể thao,Báo,Các giải đấu thể thao quốc tế diễn ra liên tục. Báo
Cúp bóng đá quốc gia là sự kiện được chờ đợi.,Giải trí,Báo,Cúp bóng đá quốc gia là sự kiện được chờ đợi. Báo
Cuộc thi nhảy múa diễn ra tại trung tâm thành phố.,Giải trí,Tạp chí,Cuộc thi nhảy múa diễn ra tại trung tâm thành phố. Tạp chí
Nhạc cổ điển luôn mang lại cảm giác thư giãn.,Giải trí,Báo,Nhạc cổ điển luôn mang lại cảm giác thư giãn. Báo
Bộ phim mới vừa ra mắt đang gây sốt phòng vé.,Giải trí,Báo,Bộ phim mới vừa ra mắt đang gây sốt phòng vé. Báo
Giải vô địch bóng đá khu vực diễn ra vào tháng tới.,Thể thao,Website,Giải vô địch bóng đá khu vực diễn ra vào tháng tới. Website
Nhạc rap đang trở thành trào lưu mới trong giới trẻ.,Giải trí,Website,Nhạc rap đang trở thành trào lưu mới trong giới trẻ. Website
Trận đấu bóng rổ giữa hai đội sẽ diễn ra vào chiều mai.,Thể thao,Tạp chí,Trận đấu bóng rổ giữa hai đội sẽ diễn ra vào chiều mai. Tạp chí
Hội thảo về thể thao điện tử thu hút nhiều người tham gia.,Thể thao,Tạp chí,Hội thảo về thể thao điện tử thu hút nhiều người tham gia. Tạp chí
Phim hài này có nhiều tình tiết vui nhộn.,Giải trí,Báo,Phim hài này có nhiều tình tiết vui nhộn. Báo
Cuộc thi marathon hàng năm thu hút hàng ngàn người tham gia.,Thể thao,Website,Cuộc thi marathon hàng năm thu hút hàng ngàn người tham gia. Website
Những màn biểu diễn nghệ thuật đường phố rất thú vị.,Giải trí,Website,Những màn biểu diễn nghệ thuật đường phố rất thú vị. Website
Bóng đá nữ đang dần nhận được sự chú ý hơn.,Thể thao,Báo,Bóng đá nữ đang dần nhận được sự chú ý hơn. Báo
Sân khấu kịch sẽ công diễn một vở mới vào cuối tuần.,Giải trí,Tạp chí,Sân khấu kịch sẽ công diễn một vở mới vào cuối tuần. Tạp chí
Đua xe địa hình mang lại những trải nghiệm mạo hiểm.,Thể thao,Tạp chí,Đua xe địa hình mang lại những trải nghiệm mạo hiểm. Tạp chí
Phim tài liệu về thiên nhiên luôn gây ấn tượng mạnh.,Giải trí,Báo,Phim tài liệu về thiên nhiên luôn gây ấn tượng mạnh. Báo
Chương trình truyền hình thực tế đang hot.,Giải trí,Website,Chương trình truyền hình thực tế đang hot. Website
Bóng chuyền trong nhà là môn thể thao phổ biến.,Giải trí,Báo,Bóng chuyền trong nhà là môn thể thao phổ biến. Báo
Hài kịch luôn mang lại tiếng cười cho khán giả.,Thể thao,Tạp chí,Hài kịch luôn mang lại tiếng cười cho khán giả. Tạp chí
Phim hoạt hình cho trẻ em được yêu thích hơn bao giờ hết.,Giải trí,Website,Phim hoạt hình cho trẻ em được yêu thích hơn bao giờ hết. Website
Cuộc thi vẽ tranh dành cho trẻ em sẽ diễn ra vào tháng sau.,Giải trí,Website,Cuộc thi vẽ tranh dành cho trẻ em sẽ diễn ra vào tháng sau. Website
Nhạc điện tử đang thu hút nhiều bạn trẻ tham gia sự kiện.,Giải trí,Tạp chí,Nhạc điện tử đang thu hút nhiều bạn trẻ tham gia sự kiện. Tạp chí
Sân bóng chày luôn chật kín khán giả vào ngày cuối tuần.,Thể thao,Website,Sân bóng chày luôn chật kín khán giả vào ngày cuối tuần. Website
Các sự kiện thể thao mạo hiểm luôn được đón chờ.,Thể thao,Website,Các sự kiện thể thao mạo hiểm luôn được đón chờ. Website
Giải đấu thể thao quốc tế sắp diễn ra tại thành phố lớn.,Giải trí,Website,Giải đấu thể thao quốc tế sắp diễn ra tại thành phố lớn. Website
Phim hoạt hình mới vừa ra mắt thu hút trẻ em.,Giải trí,Website,Phim hoạt hình mới vừa ra mắt thu hút trẻ em. Website
Bóng đá nữ đang dần nhận được sự quan tâm.,Thể thao,Website,Bóng đá nữ đang dần nhận được sự quan tâm. Website
Chương trình truyền hình thực tế mới ra mắt rất hấp dẫn.,Giải trí,Báo,Chương trình truyền hình thực tế mới ra mắt rất hấp dẫn. Báo
Đua xe công thức 1 thu hút nhiều khán giả.,Thể thao,Báo,Đua xe công thức 1 thu hút nhiều khán giả. Báo
Phim tài liệu về động vật hoang dã rất cảm động.,Giải trí,Website,Phim tài liệu về động vật hoang dã rất cảm động. Website
Các trận đấu bóng rổ diễn ra vào cuối tuần luôn thú vị.,Thể thao,Báo,Các trận đấu bóng rổ diễn ra vào cuối tuần luôn thú vị. Báo
Nhạc sĩ nổi tiếng sẽ tổ chức buổi hòa nhạc vào tháng tới.,Giải trí,Tạp chí,Nhạc sĩ nổi tiếng sẽ tổ chức buổi hòa nhạc vào tháng tới. Tạp chí
Cuộc thi âm nhạc thu hút rất nhiều thí sinh tài năng.,Giải trí,Báo,Cuộc thi âm nhạc thu hút rất nhiều thí sinh tài năng. Báo
Bộ phim hài mới ra mắt đã gây tiếng vang lớn.,Giải trí,Website,Bộ phim hài mới ra mắt đã gây tiếng vang lớn. Website
Sân vận động chật kín khán giả vào ngày thi đấu.,Thể thao,Tạp chí,Sân vận động chật kín khán giả vào ngày thi đấu. Tạp chí
Giải đấu thể thao điện tử thu hút người chơi khắp nơi.,Thể thao,Báo,Giải đấu thể thao điện tử thu hút người chơi khắp nơi. Báo
Chương trình văn nghệ trường học luôn mang lại niềm vui.,Giải trí,Website,Chương trình văn nghệ trường học luôn mang lại niềm vui. Website
Sân khấu kịch sẽ công diễn một vở mới vào tháng tới.,Giải trí,Báo,Sân khấu kịch sẽ công diễn một vở mới vào tháng tới. Báo
Hội thảo về nghệ thuật biểu diễn thu hút nhiều nghệ sĩ.,Giải trí,Tạp chí,Hội thảo về nghệ thuật biểu diễn thu hút nhiều nghệ sĩ. Tạp chí
Phim hành động mới ra mắt đang gây sốt.,Giải trí,Website,Phim hành động mới ra mắt đang gây sốt. Website
Bóng chuyền bãi biển là môn thể thao thú vị vào mùa hè.,Thể thao,Website,Bóng chuyền bãi biển là môn thể thao thú vị vào mùa hè. Website
Nhạc pop đang chiếm lĩnh bảng xếp hạng âm nhạc.,Giải trí,Website,Nhạc pop đang chiếm lĩnh bảng xếp hạng âm nhạc. Website
Cuộc thi vẽ tranh quốc tế sẽ diễn ra vào tháng sau.,Giải trí,Báo,Cuộc thi vẽ tranh quốc tế sẽ diễn ra vào tháng sau. Báo
Các giải đấu thể thao học sinh luôn được tổ chức hàng năm.,Giải trí,Tạp chí,Các giải đấu thể thao học sinh luôn được tổ chức hàng năm. Tạp chí
Trận đấu bóng đá cuối tuần sẽ rất hấp dẫn.,Thể thao,Báo,Trận đấu bóng đá cuối tuần sẽ rất hấp dẫn. Báo
Phim tài liệu về lịch sử nhân loại gây ấn tượng mạnh.,Giải trí,Tạp chí,Phim tài liệu về lịch sử nhân loại gây ấn tượng mạnh. Tạp chí
Đua xe mô tô là môn thể thao mạo hiểm và thú vị.,Giải trí,Website,Đua xe mô tô là môn thể thao mạo hiểm và thú vị. Website
Chương trình ca nhạc mùa hè thu hút nhiều khán giả.,Giải trí,Website,Chương trình ca nhạc mùa hè thu hút nhiều khán giả. Website
Hội chợ âm nhạc sẽ diễn ra vào cuối tháng.,Giải trí,Báo,Hội chợ âm nhạc sẽ diễn ra vào cuối tháng. Báo
Sân khấu kịch gây ấn tượng với vở diễn mới.,Giải trí,Báo,Sân khấu kịch gây ấn tượng với vở diễn mới. Báo
Phim hài kịch luôn mang lại tiếng cười.,Thể thao,Báo,Phim hài kịch luôn mang lại tiếng cười. Báo
Giải đấu bóng đá mùa hè thu hút người hâm mộ.,Thể thao,Website,Giải đấu bóng đá mùa hè thu hút người hâm mộ. Website
Nhạc cổ điển đang được nhiều người yêu thích.,Giải trí,Website,Nhạc cổ điển đang được nhiều người yêu thích. Website
Cuộc thi thể thao của trường luôn được chờ đón.,Giải trí,Website,Cuộc thi thể thao của trường luôn được chờ đón. Website
Bộ phim hoạt hình mới ra mắt đang gây sốt.,Giải trí,Báo,Bộ phim hoạt hình mới ra mắt đang gây sốt. Báo
Nhạc rock đang dần trở lại với khán giả.,Giải trí,Tạp chí,Nhạc rock đang dần trở lại với khán giả. Tạp chí
Trận đấu tennis giữa hai tay vợt hàng đầu sẽ rất hấp dẫn.,Thể thao,Website,Trận đấu tennis giữa hai tay vợt hàng đầu sẽ rất hấp dẫn. Website
Hội nghị thể thao quốc tế sẽ diễn ra vào tháng tới.,Thể thao,Website,Hội nghị thể thao quốc tế sẽ diễn ra vào tháng tới. Website
Chương trình truyền hình thực tế thu hút nhiều người xem.,Thể thao,Website,Chương trình truyền hình thực tế thu hút nhiều người xem. Website
Bóng rổ là môn thể thao phổ biến ở Mỹ.,Giải trí,Tạp chí,Bóng rổ là môn thể thao phổ biến ở Mỹ. Tạp chí
Phim hành động này có nhiều pha gay cấn.,Giải trí,Website,Phim hành động này có nhiều pha gay cấn. Website
Giải vô địch bóng đá khu vực luôn được chú ý.,Giải trí,Báo,Giải vô địch bóng đá khu vực luôn được chú ý. Báo
Cuộc thi khiêu vũ thu hút nhiều thí sinh tài năng.,Thể thao,Báo,Cuộc thi khiêu vũ thu hút nhiều thí sinh tài năng. Báo
Sân khấu nhạc rock luôn chật kín khán giả.,Giải trí,Báo,Sân khấu nhạc rock luôn chật kín khán giả. Báo
Phim tài liệu về bảo vệ môi trường rất cần thiết.,Giải trí,Tạp chí,Phim tài liệu về bảo vệ môi trường rất cần thiết. Tạp chí
Chương trình ca nhạc vào cuối tuần luôn thu hút đông đảo khán giả.,Giải trí,Website,Chương trình ca nhạc vào cuối tuần luôn thu hút đông đảo khán giả. Website
Giải thể thao trong trường học là dịp cho các học sinh tỏa sáng.,Thể thao,Website,Giải thể thao trong trường học là dịp cho các học sinh tỏa sáng. Website
Trận đấu bóng đá giữa hai đội lớn rất hấp dẫn.,Giải trí,Báo,Trận đấu bóng đá giữa hai đội lớn rất hấp dẫn. Báo
Nhạc sĩ nổi tiếng sẽ biểu diễn tại sân vận động.,Giải trí,Báo,Nhạc sĩ nổi tiếng sẽ biểu diễn tại sân vận động. Báo
Phim hài kịch mới nhất đã nhận được nhiều lời khen.,Giải trí,Website,Phim hài kịch mới nhất đã nhận được nhiều lời khen. Website
Cuộc thi thể thao sẽ diễn ra vào cuối tháng.,Thể thao,Website,Cuộc thi thể thao sẽ diễn ra vào cuối tháng. Website
Bộ phim tài liệu về thiên nhiên rất ấn tượng.,Giải trí,Báo,Bộ phim tài liệu về thiên nhiên rất ấn tượng. Báo
Hội chợ nghệ thuật sẽ thu hút nhiều nghệ sĩ tham gia.,Giải trí,Báo,Hội chợ nghệ thuật sẽ thu hút nhiều nghệ sĩ tham gia. Báo
Sân khấu kịch sẽ công diễn một tác phẩm nổi tiếng.,Giải trí,Website,Sân khấu kịch sẽ công diễn một tác phẩm nổi tiếng. Website
Giải đấu thể thao mùa đông luôn thu hút sự chú ý.,Giải trí,Tạp chí,Giải đấu thể thao mùa đông luôn thu hút sự chú ý. Tạp chí
Chương trình truyền hình này rất hấp dẫn và vui nhộn.,Thể thao,Tạp chí,Chương trình truyền hình này rất hấp dẫn và vui nhộn. Tạp chí
Bóng đá là môn thể thao vua trên thế giới.,Giải trí,Báo,Bóng đá là môn thể thao vua trên thế giới. Báo
Phim hoạt hình luôn mang lại niềm vui cho trẻ em.,Giải trí,Tạp chí,Phim hoạt hình luôn mang lại niềm vui cho trẻ em. Tạp chí
Cuộc thi nấu ăn đã thu hút nhiều đầu bếp trẻ tài năng.,Giải trí,Website,Cuộc thi nấu ăn đã thu hút nhiều đầu bếp trẻ tài năng. Website
Bộ phim mới về tình yêu đã gây sốt phòng vé.,Giải trí,Báo,Bộ phim mới về tình yêu đã gây sốt phòng vé. Báo
Nhạc jazz đang thu hút nhiều người yêu nhạc.,Giải trí,Tạp chí,Nhạc jazz đang thu hút nhiều người yêu nhạc. Tạp chí
Giải bóng rổ khu vực sẽ diễn ra vào cuối tuần này.,Giải trí,Website,Giải bóng rổ khu vực sẽ diễn ra vào cuối tuần này. Website
Hội thảo về sức khỏe thể chất sẽ có nhiều chuyên gia tham gia.,Giải trí,Website,Hội thảo về sức khỏe thể chất sẽ có nhiều chuyên gia tham gia. Website
Chương trình nghệ thuật đường phố luôn thu hút người xem.,Giải trí,Báo,Chương trình nghệ thuật đường phố luôn thu hút người xem. Báo
Trận đấu thể thao giữa các trường là dịp để giao lưu.,Thể thao,Báo,Trận đấu thể thao giữa các trường là dịp để giao lưu. Báo
Nhạc sĩ sẽ phát hành album mới vào tháng tới.,Giải trí,Website,Nhạc sĩ sẽ phát hành album mới vào tháng tới. Website
Phim hài kịch luôn mang lại tiếng cười cho khán giả.,Giải trí,Website,Phim hài kịch luôn mang lại tiếng cười cho khán giả. Website
Cuộc thi thể thao sẽ có nhiều phần thưởng hấp dẫn.,Giải trí,Báo,Cuộc thi thể thao sẽ có nhiều phần thưởng hấp dẫn. Báo
Sân khấu nhạc kịch sẽ công diễn một vở diễn mới.,Giải trí,Website,Sân khấu nhạc kịch sẽ công diễn một vở diễn mới. Website
Giải đấu tennis quốc tế thu hút nhiều tay vợt nổi tiếng.,Giải trí,Website,Giải đấu tennis quốc tế thu hút nhiều tay vợt nổi tiếng. Website
Bóng đá nữ đang dần nhận được sự chú ý từ cộng đồng.,Giải trí,Báo,Bóng đá nữ đang dần nhận được sự chú ý từ cộng đồng. Báo
Phim tài liệu về văn hóa dân gian rất giá trị.,Giải trí,Báo,Phim tài liệu về văn hóa dân gian rất giá trị. Báo
Chương trình ca nhạc mừng ngày lễ sẽ rất hoành tráng.,Thể thao,Tạp chí,Chương trình ca nhạc mừng ngày lễ sẽ rất hoành tráng. Tạp chí
Hội chợ âm nhạc sẽ có sự góp mặt của nhiều nghệ sĩ nổi tiếng.,Giải trí,Website,Hội chợ âm nhạc sẽ có sự góp mặt của nhiều nghệ sĩ nổi tiếng. Website
Sân bóng chày sẽ tổ chức một sự kiện lớn.,Giải trí,Website,Sân bóng chày sẽ tổ chức một sự kiện lớn. Website
Giải bóng đá mùa hè rất được chờ đón.,Giải trí,Báo,Giải bóng đá mùa hè rất được chờ đón. Báo
Cuộc thi người đẹp luôn thu hút sự quan tâm.,Thể thao,Website,Cuộc thi người đẹp luôn thu hút sự quan tâm. Website
Bộ phim mới về công nghệ đã gây sốt trong cộng đồng.,Thể thao,Tạp chí,Bộ phim mới về công nghệ đã gây sốt trong cộng đồng. Tạp chí
Nhạc sĩ sẽ biểu diễn live tại một sự kiện lớn.,Giải trí,Website,Nhạc sĩ sẽ biểu diễn live tại một sự kiện lớn. Website
Phim hoạt hình luôn mang lại niềm vui cho trẻ em.,Giải trí,Website,Phim hoạt hình luôn mang lại niềm vui cho trẻ em. Website
Hội nghị về thể thao sẽ có nhiều chuyên gia tham gia.,Thể thao,Website,Hội nghị về thể thao sẽ có nhiều chuyên gia tham gia. Website
Trận đấu cuối cùng của mùa giải sẽ rất hấp dẫn.,Giải trí,Website,Trận đấu cuối cùng của mùa giải sẽ rất hấp dẫn. Website
Chương trình truyền hình thực tế này đang hot.,Giải trí,Báo,Chương trình truyền hình thực tế này đang hot. Báo
Bóng rổ là một môn thể thao rất thú vị.,Giải trí,Báo,Bóng rổ là một môn thể thao rất thú vị. Báo
Giải bóng đá học sinh sẽ diễn ra vào tháng sau.,Thể thao,Website,Giải bóng đá học sinh sẽ diễn ra vào tháng sau. Website
Phim hoạt hình luôn mang lại tiếng cười cho trẻ nhỏ.,Giải trí,Báo,Phim hoạt hình luôn mang lại tiếng cười cho trẻ nhỏ. Báo
Cuộc thi thể thao học đường đang được tổ chức.,Thể thao,Website,Cuộc thi thể thao học đường đang được tổ chức. Website
Nhạc sĩ nổi tiếng sẽ có buổi biểu diễn miễn phí.,Giải trí,Website,Nhạc sĩ nổi tiếng sẽ có buổi biểu diễn miễn phí. Website
Bộ phim mới về thiên nhiên rất ý nghĩa.,Giải trí,Tạp chí,Bộ phim mới về thiên nhiên rất ý nghĩa. Tạp chí
Giải vô địch cờ vua quốc gia thu hút nhiều người tham gia.,Thể thao,Website,Giải vô địch cờ vua quốc gia thu hút nhiều người tham gia. Website
Chương trình ca nhạc mừng ngày quốc tế thiếu nhi.,Giải trí,Báo,Chương trình ca nhạc mừng ngày quốc tế thiếu nhi. Báo
Sân khấu kịch luôn có nhiều vở diễn thú vị.,Giải trí,Website,Sân khấu kịch luôn có nhiều vở diễn thú vị. Website
Cuộc thi nhảy hiện đại đang thu hút nhiều thí sinh.,Giải trí,Website,Cuộc thi nhảy hiện đại đang thu hút nhiều thí sinh. Website
Bóng đá nữ đang dần nhận được sự quan tâm.,Thể thao,Báo,Bóng đá nữ đang dần nhận được sự quan tâm. Báo
Nhạc rap đang trở thành một xu hướng mới.,Giải trí,Website,Nhạc rap đang trở thành một xu hướng mới. Website
Phim tài liệu về bảo vệ môi trường rất quan trọng.,Giải trí,Tạp chí,Phim tài liệu về bảo vệ môi trường rất quan trọng. Tạp chí
Trận đấu bóng rổ giữa hai trường nổi tiếng.,Thể thao,Báo,Trận đấu bóng rổ giữa hai trường nổi tiếng. Báo
Cuộc thi viết văn sẽ có nhiều giải thưởng hấp dẫn.,Giải trí,Website,Cuộc thi viết văn sẽ có nhiều giải thưởng hấp dẫn. Website
Bộ phim hài sẽ công chiếu vào cuối tuần này.,Giải trí,Báo,Bộ phim hài sẽ công chiếu vào cuối tuần này. Báo
Chương trình truyền hình về ẩm thực rất hấp dẫn.,Giải trí,Website,Chương trình truyền hình về ẩm thực rất hấp dẫn. Website
Giải đấu cờ tướng quốc tế thu hút nhiều cao thủ.,Thể thao,Website,Giải đấu cờ tướng quốc tế thu hút nhiều cao thủ. Website
Phim khoa học viễn tưởng đang được mong chờ.,Giải trí,Báo,Phim khoa học viễn tưởng đang được mong chờ. Báo
Sân vận động sẽ tổ chức nhiều sự kiện thể thao.,Giải trí,Báo,Sân vận động sẽ tổ chức nhiều sự kiện thể thao. Báo
Chương trình nghệ thuật đường phố rất sống động.,Giải trí,Báo,Chương trình nghệ thuật đường phố rất sống động. Báo
Trò chơi nhập vai trực tuyến ngày càng trở nên phổ biến.,MMO,Website,Trò chơi nhập vai trực tuyến ngày càng trở nên phổ biến. Website
Game online đang thu hút hàng triệu người chơi trên toàn thế giới.,MMO,Website,Game online đang thu hút hàng triệu người chơi trên toàn thế giới. Website
Hội nghị trò chơi điện tử sắp diễn ra vào tháng tới.,MMO,Báo,Hội nghị trò chơi điện tử sắp diễn ra vào tháng tới. Báo
Các game thủ thường xuyên tham gia các giải đấu trực tuyến.,MMO,Báo,Các game thủ thường xuyên tham gia các giải đấu trực tuyến. Báo
Trò chơi sinh tồn là thể loại được yêu thích nhất hiện nay.,MMO,Tạp chí,Trò chơi sinh tồn là thể loại được yêu thích nhất hiện nay. Tạp chí
Nhiều game thủ đang tìm kiếm cách để nâng cao kỹ năng chơi.,MMO,Website,Nhiều game thủ đang tìm kiếm cách để nâng cao kỹ năng chơi. Website
Tựa game mới ra mắt đã gây sốt trong cộng đồng game thủ.,MMO,Tạp chí,Tựa game mới ra mắt đã gây sốt trong cộng đồng game thủ. Tạp chí
Các trò chơi chiến thuật luôn có một lượng fan đông đảo.,MMO,Website,Các trò chơi chiến thuật luôn có một lượng fan đông đảo. Website
Thế giới ảo mang lại nhiều trải nghiệm thú vị cho người chơi.,MMO,Website,Thế giới ảo mang lại nhiều trải nghiệm thú vị cho người chơi. Website
Game di động đang phát triển mạnh mẽ trong thời gian gần đây.,MMO,Báo,Game di động đang phát triển mạnh mẽ trong thời gian gần đây. Báo
Cộng đồng game thủ thường xuyên tổ chức các sự kiện giao lưu.,MMO,Tạp chí,Cộng đồng game thủ thường xuyên tổ chức các sự kiện giao lưu. Tạp chí
Các game thủ đang chia sẻ kinh nghiệm chơi trên mạng xã hội.,MMO,Báo,Các game thủ đang chia sẻ kinh nghiệm chơi trên mạng xã hội. Báo
Trò chơi phiêu lưu khám phá luôn được yêu thích.,MMO,Website,Trò chơi phiêu lưu khám phá luôn được yêu thích. Website
Giải thưởng cho các giải đấu trò chơi điện tử rất hấp dẫn.,MMO,Tạp chí,Giải thưởng cho các giải đấu trò chơi điện tử rất hấp dẫn. Tạp chí
Nhiều game thủ tìm kiếm các trò chơi miễn phí để trải nghiệm.,MMO,Website,Nhiều game thủ tìm kiếm các trò chơi miễn phí để trải nghiệm. Website
Công nghệ thực tế ảo đang thay đổi cách chơi game.,MMO,Website,Công nghệ thực tế ảo đang thay đổi cách chơi game. Website
Tựa game đình đám đã bán được hàng triệu bản chỉ trong vài ngày.,MMO,Báo,Tựa game đình đám đã bán được hàng triệu bản chỉ trong vài ngày. Báo
Chơi game là một cách giải trí hiệu quả sau những giờ làm việc căng thẳng.,MMO,Báo,Chơi game là một cách giải trí hiệu quả sau những giờ làm việc căng thẳng. Báo
Các nhà phát triển đang chú trọng vào việc cải thiện trải nghiệm người dùng.,MMO,Tạp chí,Các nhà phát triển đang chú trọng vào việc cải thiện trải nghiệm người dùng. Tạp chí
Nhiều game thủ tham gia vào các diễn đàn để thảo luận về trò chơi.,MMO,Báo,Nhiều game thủ tham gia vào các diễn đàn để thảo luận về trò chơi. Báo
Bóng đá là môn thể thao vua.,Thể thao,Website,Bóng đá là môn thể thao vua. Website
Phim hành động luôn gây cấn.,Giải trí,Báo,Phim hành động luôn gây cấn. Báo
Cúp bóng đá châu Âu đang diễn ra.,Thể thao,Tạp chí,Cúp bóng đá châu Âu đang diễn ra. Tạp chí
Nhạc jazz mang lại cảm giác thư giãn.,Giải trí,Website,Nhạc jazz mang lại cảm giác thư giãn. Website
Bơi lội là môn thể thao mùa hè.,Thể thao,Báo,Bơi lội là môn thể thao mùa hè. Báo
Phim hoạt hình thu hút trẻ em.,Giải trí,Tạp chí,Phim hoạt hình thu hút trẻ em. Tạp chí
Đua xe F1 là một môn thể thao tốc độ.,Thể thao,Website,Đua xe F1 là một môn thể thao tốc độ. Website
Nhạc cổ điển luôn được yêu thích.,Giải trí,Báo,Nhạc cổ điển luôn được yêu thích. Báo
Đi bộ đường dài giúp cải thiện sức khỏe.,Thể thao,Tạp chí,Đi bộ đường dài giúp cải thiện sức khỏe. Tạp chí
Phim tài liệu mang đến nhiều kiến thức.,Giải trí,Website,Phim tài liệu mang đến nhiều kiến thức. Website
Giải vô địch bóng đá thế giới sẽ diễn ra vào năm tới.,Thể thao,Website,Giải vô địch bóng đá thế giới sẽ diễn ra vào năm tới. Website
Phim kinh dị luôn khiến người xem hồi hộp.,Giải trí,Báo,Phim kinh dị luôn khiến người xem hồi hộp. Báo
Các trận đấu tennis Grand Slam rất hấp dẫn.,Thể thao,Tạp chí,Các trận đấu tennis Grand Slam rất hấp dẫn. Tạp chí
Nhạc pop hiện nay đang phát triển mạnh mẽ.,Giải trí,Website,Nhạc pop hiện nay đang phát triển mạnh mẽ. Website
Thể thao điện tử đang thu hút nhiều người trẻ tham gia.,Thể thao,Báo,Thể thao điện tử đang thu hút nhiều người trẻ tham gia. Báo
Phim hoạt hình Pixar luôn có chất lượng cao.,Giải trí,Tạp chí,Phim hoạt hình Pixar luôn có chất lượng cao. Tạp chí
Chạy marathon là một thử thách lớn cho vận động viên.,Thể thao,Website,Chạy marathon là một thử thách lớn cho vận động viên. Website
Nhạc rock mang đến sự phấn khích cho khán giả.,Giải trí,Báo,Nhạc rock mang đến sự phấn khích cho khán giả. Báo
Đá cầu là môn thể thao truyền thống của Việt Nam.,Thể thao,Tạp chí,Đá cầu là môn thể thao truyền thống của Việt Nam. Tạp chí
Phim lãng mạn luôn thu hút trái tim của nhiều người.,Giải trí,Website,Phim lãng mạn luôn thu hút trái tim của nhiều người. Website
Cầu lông là một môn thể thao dễ chơi và thú vị.,Thể thao,Báo,Cầu lông là một môn thể thao dễ chơi và thú vị. Báo
Phim hài mang lại tiếng cười cho mọi người.,Giải trí,Tạp chí,Phim hài mang lại tiếng cười cho mọi người. Tạp chí
Đua ngựa là một môn thể thao đầy kịch tính.,Thể thao,Website,Đua ngựa là một môn thể thao đầy kịch tính. Website
Nhạc indie đang dần trở thành xu hướng.,Giải trí,Báo,Nhạc indie đang dần trở thành xu hướng. Báo
Yoga giúp cải thiện sức khỏe và tinh thần.,Thể thao,Tạp chí,Yoga giúp cải thiện sức khỏe và tinh thần. Tạp chí
Phim khoa học viễn tưởng mở ra thế giới mới.,Giải trí,Website,Phim khoa học viễn tưởng mở ra thế giới mới. Website
Bóng rổ là một môn thể thao được yêu thích toàn cầu.,Thể thao,Báo,Bóng rổ là một môn thể thao được yêu thích toàn cầu. Báo
Phim tài liệu về thiên nhiên rất hấp dẫn.,Giải trí,Tạp chí,Phim tài liệu về thiên nhiên rất hấp dẫn. Tạp chí
Các giải đấu thể thao luôn thu hút sự chú ý của công chúng.,Thể thao,Website,Các giải đấu thể thao luôn thu hút sự chú ý của công chúng. Website
Nhạc truyền thống mang đậm bản sắc văn hóa dân tộc.,Giải trí,Báo,Nhạc truyền thống mang đậm bản sắc văn hóa dân tộc. Báo
Đọc sách giúp mở mang kiến thức.,Giáo dục,Website,Đọc sách giúp mở mang kiến thức. Website
Chơi game là một hình thức giải trí phổ biến.,Giải trí,Báo,Chơi game là một hình thức giải trí phổ biến. Báo
Cầu thủ xuất sắc nhất giải đấu này là ai?,Thể thao,Tạp chí,Cầu thủ xuất sắc nhất giải đấu này là ai? Tạp chí
Nhạc cổ điển luôn có một chỗ đứng riêng trong lòng khán giả.,Giải trí,Website,Nhạc cổ điển luôn có một chỗ đứng riêng trong lòng khán giả. Website
Đi bộ giúp cải thiện sức khỏe và tinh thần.,Thể thao,Báo,Đi bộ giúp cải thiện sức khỏe và tinh thần. Báo
Các bộ phim hành động thường có nhiều cảnh gay cấn.,Giải trí,Tạp chí,Các bộ phim hành động thường có nhiều cảnh gay cấn. Tạp chí
Việc tập gym ngày càng trở nên phổ biến trong giới trẻ.,Thể thao,Website,Việc tập gym ngày càng trở nên phổ biến trong giới trẻ. Website
Nhạc jazz mang đến cảm giác thư giãn.,Giải trí,Báo,Nhạc jazz mang đến cảm giác thư giãn. Báo
Thể thao nước đang dần trở thành xu hướng mới.,Thể thao,Tạp chí,Thể thao nước đang dần trở thành xu hướng mới. Tạp chí
Phim truyền hình dài tập thu hút nhiều người xem.,Giải trí,Website,Phim truyền hình dài tập thu hút nhiều người xem. Website
Đua xe moto là một môn thể thao mạo hiểm.,Thể thao,Báo,Đua xe moto là một môn thể thao mạo hiểm. Báo
Phim tình cảm luôn thu hút khán giả bởi cảm xúc chân thật.,Giải trí,Tạp chí,Phim tình cảm luôn thu hút khán giả bởi cảm xúc chân thật. Tạp chí
Chạy bộ mỗi ngày giúp duy trì sức khỏe tốt.,Thể thao,Website,Chạy bộ mỗi ngày giúp duy trì sức khỏe tốt. Website
Nhạc pop luôn gây sốt với những bản hit mới.,Giải trí,Báo,Nhạc pop luôn gây sốt với những bản hit mới. Báo
Thể thao đồng đội cần sự hợp tác chặt chẽ.,Thể thao,Tạp chí,Thể thao đồng đội cần sự hợp tác chặt chẽ. Tạp chí
Phim hoạt hình luôn mang lại niềm vui cho trẻ em.,Giải trí,Website,Phim hoạt hình luôn mang lại niềm vui cho trẻ em. Website
Yoga giúp cải thiện cả sức khỏe thể chất và tinh thần.,Thể thao,Báo,Yoga giúp cải thiện cả sức khỏe thể chất và tinh thần. Báo
Nhạc điện tử đang ngày càng được ưa chuộng.,Giải trí,Tạp chí,Nhạc điện tử đang ngày càng được ưa chuộng. Tạp chí
Chơi thể thao là cách tốt để giải tỏa căng thẳng.,Thể thao,Website,Chơi thể thao là cách tốt để giải tỏa căng thẳng. Website
Phim cổ trang luôn thu hút sự chú ý của khán giả.,Giải trí,Báo,Phim cổ trang luôn thu hút sự chú ý của khán giả. Báo
Đá bóng là môn thể thao vua.,Thể thao,Tạp chí,Đá bóng là môn thể thao vua. Tạp chí
Phim hoạt hình 3D đang ngày càng trở nên phổ biến.,Giải trí,Website,Phim hoạt hình 3D đang ngày càng trở nên phổ biến. Website
Các môn thể thao mạo hiểm mang lại cảm giác hồi hộp.,Thể thao,Báo,Các môn thể thao mạo hiểm mang lại cảm giác hồi hộp. Báo
Nhạc dân gian mang đậm bản sắc văn hóa.,Giải trí,Tạp chí,Nhạc dân gian mang đậm bản sắc văn hóa. Tạp chí
Bơi lội là môn thể thao tuyệt vời cho sức khỏe.,Thể thao,Website,Bơi lội là môn thể thao tuyệt vời cho sức khỏe. Website
Phim hình sự luôn gây sự tò mò cho người xem.,Giải trí,Báo,Phim hình sự luôn gây sự tò mò cho người xem. Báo
Tập luyện thể thao giúp cải thiện tâm trạng.,Thể thao,Tạp chí,Tập luyện thể thao giúp cải thiện tâm trạng. Tạp chí
Nhạc rap đang phát triển mạnh mẽ trong giới trẻ.,Giải trí,Website,Nhạc rap đang phát triển mạnh mẽ trong giới trẻ. Website
Golf là một môn thể thao đòi hỏi sự kiên nhẫn.,Thể thao,Báo,Golf là một môn thể thao đòi hỏi sự kiên nhẫn. Báo
Phim hoạt hình Disney luôn được yêu thích.,Giải trí,Tạp chí,Phim hoạt hình Disney luôn được yêu thích. Tạp chí
Điền kinh là môn thể thao thể hiện sức mạnh và tốc độ.,Thể thao,Website,Điền kinh là môn thể thao thể hiện sức mạnh và tốc độ. Website
Phim giả tưởng luôn mở ra những thế giới kỳ diệu.,Giải trí,Báo,Phim giả tưởng luôn mở ra những thế giới kỳ diệu. Báo
Thể thao mùa đông ngày càng được yêu thích.,Thể thao,Tạp chí,Thể thao mùa đông ngày càng được yêu thích. Tạp chí
Nhạc acoustic tạo cảm giác gần gũi và ấm áp.,Giải trí,Website,Nhạc acoustic tạo cảm giác gần gũi và ấm áp. Website
Chạy marathon là một thử thách lớn cho vận động viên.,Thể thao,Báo,Chạy marathon là một thử thách lớn cho vận động viên. Báo
Phim hoạt hình không chỉ dành cho trẻ em.,Giải trí,Tạp chí,Phim hoạt hình không chỉ dành cho trẻ em. Tạp chí
Có nhiều môn thể thao có thể tập luyện ở nhà.,Thể thao,Website,Có nhiều môn thể thao có thể tập luyện ở nhà. Website
Nhạc blues có sức hấp dẫn riêng của nó.,Giải trí,Báo,Nhạc blues có sức hấp dẫn riêng của nó. Báo
Các môn thể thao đối kháng thu hút nhiều người hâm mộ.,Thể thao,Tạp chí,Các môn thể thao đối kháng thu hút nhiều người hâm mộ. Tạp chí
Phim tài liệu mang lại kiến thức bổ ích.,Giải trí,Website,Phim tài liệu mang lại kiến thức bổ ích. Website
Bóng đá nữ đang ngày càng phát triển.,Thể thao,Báo,Bóng đá nữ đang ngày càng phát triển. Báo
Phim khoa học viễn tưởng luôn gây ấn tượng mạnh mẽ.,Giải trí,Tạp chí,Phim khoa học viễn tưởng luôn gây ấn tượng mạnh mẽ. Tạp chí
Môn thể thao nào bạn yêu thích nhất?,Thể thao,Website,Môn thể thao nào bạn yêu thích nhất? Website
Nhạc phim thường mang lại cảm xúc sâu sắc.,Giải trí,Báo,Nhạc phim thường mang lại cảm xúc sâu sắc. Báo
Đấu trường thể thao là nơi tỏa sáng của các vận động viên.,Thể thao,Tạp chí,Đấu trường thể thao là nơi tỏa sáng của các vận động viên. Tạp chí
Phim ngắn đang trở thành xu hướng mới trong điện ảnh.,Giải trí,Website,Phim ngắn đang trở thành xu hướng mới trong điện ảnh. Website
Thể thao là một phần không thể thiếu trong cuộc sống.,Thể thao,Báo,Thể thao là một phần không thể thiếu trong cuộc sống. Báo
Các bữa tiệc cuối tuần thường rất vui vẻ.,Giải trí,Website,Các bữa tiệc cuối tuần thường rất vui vẻ. Website
Chạy bộ vào buổi sáng giúp tinh thần thoải mái.,Thể thao,Báo,Chạy bộ vào buổi sáng giúp tinh thần thoải mái. Báo
Những cuốn sách hay thường để lại ấn tượng sâu sắc.,Giáo dục,Tạp chí,Những cuốn sách hay thường để lại ấn tượng sâu sắc. Tạp chí
Thể thao dưới nước mang lại cảm giác thú vị.,Thể thao,Website,Thể thao dưới nước mang lại cảm giác thú vị. Website
Phim hoạt hình 2D có một sức hút riêng.,Giải trí,Báo,Phim hoạt hình 2D có một sức hút riêng. Báo
Tập yoga giúp cân bằng cơ thể và tâm trí.,Thể thao,Tạp chí,Tập yoga giúp cân bằng cơ thể và tâm trí. Tạp chí
Các trận đấu bóng đá luôn hấp dẫn người hâm mộ.,Thể thao,Website,Các trận đấu bóng đá luôn hấp dẫn người hâm mộ. Website
Phim lãng mạn có nhiều khoảnh khắc đáng nhớ.,Giải trí,Báo,Phim lãng mạn có nhiều khoảnh khắc đáng nhớ. Báo
Địa điểm tập gym ngày càng được ưa chuộng.,Thể thao,Tạp chí,Địa điểm tập gym ngày càng được ưa chuộng. Tạp chí
Nhạc indie mang lại cảm giác mới lạ.,Giải trí,Website,Nhạc indie mang lại cảm giác mới lạ. Website
Các môn thể thao vận động viên nữ ngày càng phát triển.,Thể thao,Báo,Các môn thể thao vận động viên nữ ngày càng phát triển. Báo
Phim tài liệu về thiên nhiên rất bổ ích.,Giải trí,Tạp chí,Phim tài liệu về thiên nhiên rất bổ ích. Tạp chí
Thể thao đường phố là một phong trào trẻ trung.,Thể thao,Website,Thể thao đường phố là một phong trào trẻ trung. Website
Chương trình ca nhạc thu hút nhiều khán giả.,Giải trí,Báo,Chương trình ca nhạc thu hút nhiều khán giả. Báo
Bóng rổ là môn thể thao rất năng động.,Thể thao,Tạp chí,Bóng rổ là môn thể thao rất năng động. Tạp chí
Phim hoạt hình Disney có sức hút mãnh liệt với trẻ em.,Giải trí,Website,Phim hoạt hình Disney có sức hút mãnh liệt với trẻ em. Website
Chạy marathon đòi hỏi sự chuẩn bị kỹ lưỡng.,Thể thao,Báo,Chạy marathon đòi hỏi sự chuẩn bị kỹ lưỡng. Báo
Âm nhạc dân gian thường gắn liền với văn hóa địa phương.,Giải trí,Tạp chí,Âm nhạc dân gian thường gắn liền với văn hóa địa phương. Tạp chí
Các giải đấu thể thao quốc tế luôn thu hút sự quan tâm.,Thể thao,Website,Các giải đấu thể thao quốc tế luôn thu hút sự quan tâm. Website
Phim hài hước mang lại những phút giây thư giãn.,Giải trí,Báo,Phim hài hước mang lại những phút giây thư giãn. Báo
Tập thể dục thường xuyên giúp kéo dài tuổi thọ.,Thể thao,Tạp chí,Tập thể dục thường xuyên giúp kéo dài tuổi thọ. Tạp chí
Nhạc rock luôn có một lượng fan trung thành.,Giải trí,Website,Nhạc rock luôn có một lượng fan trung thành. Website
Thể thao mạo hiểm mang lại cảm giác hồi hộp.,Thể thao,Báo,Thể thao mạo hiểm mang lại cảm giác hồi hộp. Báo
Phim điện ảnh Việt Nam đang phát triển mạnh mẽ.,Giải trí,Tạp chí,Phim điện ảnh Việt Nam đang phát triển mạnh mẽ. Tạp chí
Đọc sách là cách để mở mang tri thức.,Giáo dục,Website,Đọc sách là cách để mở mang tri thức. Website
Bơi lội là môn thể thao rất tốt cho sức khỏe.,Thể thao,Báo,Bơi lội là môn thể thao rất tốt cho sức khỏe. Báo
Phim hoạt hình truyền tải nhiều thông điệp hay.,Giải trí,Tạp chí,Phim hoạt hình truyền tải nhiều thông điệp hay. Tạp chí
Yoga giúp cải thiện sức khỏe và sự linh hoạt.,Thể thao,Website,Yoga giúp cải thiện sức khỏe và sự linh hoạt. Website
Nhạc pop luôn có những giai điệu bắt tai.,Giải trí,Báo,Nhạc pop luôn có những giai điệu bắt tai. Báo
Các môn thể thao đồng đội rất thú vị và hấp dẫn.,Thể thao,Tạp chí,Các môn thể thao đồng đội rất thú vị và hấp dẫn. Tạp chí
Phim ngắn đang trở thành xu hướng mới trong điện ảnh.,Giải trí,Website,Phim ngắn đang trở thành xu hướng mới trong điện ảnh. Website
Tập luyện thể thao giúp cải thiện tâm trạng.,Thể thao,Báo,Tập luyện thể thao giúp cải thiện tâm trạng. Báo
Nhạc cổ điển mang lại cảm giác thư giãn.,Giải trí,Tạp chí,Nhạc cổ điển mang lại cảm giác thư giãn. Tạp chí
Golf là một môn thể thao đòi hỏi sự kiên nhẫn.,Thể thao,Website,Golf là một môn thể thao đòi hỏi sự kiên nhẫn. Website
Phim tình cảm luôn có những tình huống lãng mạn thú vị.,Giải trí,Báo,Phim tình cảm luôn có những tình huống lãng mạn thú vị. Báo
Chạy bộ giúp tăng cường sức khỏe tim mạch.,Thể thao,Tạp chí,Chạy bộ giúp tăng cường sức khỏe tim mạch. Tạp chí
Nhạc folk mang đậm bản sắc văn hóa dân tộc.,Giải trí,Website,Nhạc folk mang đậm bản sắc văn hóa dân tộc. Website
Thể thao nghệ thuật giúp cải thiện sự dẻo dai.,Thể thao,Báo,Thể thao nghệ thuật giúp cải thiện sự dẻo dai. Báo
Phim hành động thường có nhiều cảnh gay cấn.,Giải trí,Tạp chí,Phim hành động thường có nhiều cảnh gay cấn. Tạp chí
Điền kinh là môn thể thao biểu diễn sức mạnh và tốc độ.,Thể thao,Website,Điền kinh là môn thể thao biểu diễn sức mạnh và tốc độ. Website
Nhạc dance luôn sôi động và cuốn hút.,Giải trí,Báo,Nhạc dance luôn sôi động và cuốn hút. Báo
Các môn thể thao đối kháng thường có nhiều người tham gia.,Thể thao,Tạp chí,Các môn thể thao đối kháng thường có nhiều người tham gia. Tạp chí
Phim tâm lý thường gây ấn tượng mạnh với khán giả.,Giải trí,Website,Phim tâm lý thường gây ấn tượng mạnh với khán giả. Website
Chơi thể thao là một phần quan trọng của lối sống lành mạnh.,Thể thao,Báo,Chơi thể thao là một phần quan trọng của lối sống lành mạnh. Báo
Phim hoạt hình có thể mang lại những bài học quý giá.,Giải trí,Tạp chí,Phim hoạt hình có thể mang lại những bài học quý giá. Tạp chí
Thể thao mùa đông luôn đầy thử thách.,Thể thao,Website,Thể thao mùa đông luôn đầy thử thách. Website
Nhạc techno mang lại cảm giác hiện đại và trẻ trung.,Giải trí,Báo,Nhạc techno mang lại cảm giác hiện đại và trẻ trung. Báo
Bơi lội không chỉ tốt cho sức khỏe mà còn là một kỹ năng sống.,Thể thao,Tạp chí,Bơi lội không chỉ tốt cho sức khỏe mà còn là một kỹ năng sống. Tạp chí
Phim tài liệu về lịch sử giúp nâng cao kiến thức.,Giải trí,Website,Phim tài liệu về lịch sử giúp nâng cao kiến thức. Website
Thể thao cũng là một cách để giao lưu bạn bè.,Thể thao,Báo,Thể thao cũng là một cách để giao lưu bạn bè. Báo
Phim hài kịch luôn mang đến tiếng cười cho khán giả.,Giải trí,Tạp chí,Phim hài kịch luôn mang đến tiếng cười cho khán giả. Tạp chí
Chạy bộ là một hoạt động dễ dàng và hiệu quả.,Thể thao,Website,Chạy bộ là một hoạt động dễ dàng và hiệu quả. Website
Nhạc hip hop đang ngày càng phát triển trong giới trẻ.,Giải trí,Báo,Nhạc hip hop đang ngày càng phát triển trong giới trẻ. Báo
Phim giả tưởng mở ra những thế giới kỳ diệu cho người xem.,Giải trí,Tạp chí,Phim giả tưởng mở ra những thế giới kỳ diệu cho người xem. Tạp chí
Bóng đá nữ đang ngày càng nhận được sự chú ý.,Thể thao,Website,Bóng đá nữ đang ngày càng nhận được sự chú ý. Website
Nhạc kịch mang đến trải nghiệm nghệ thuật độc đáo.,Giải trí,Báo,Nhạc kịch mang đến trải nghiệm nghệ thuật độc đáo. Báo
Thể thao mạo hiểm cần sự dũng cảm và kỹ năng cao.,Thể thao,Tạp chí,Thể thao mạo hiểm cần sự dũng cảm và kỹ năng cao. Tạp chí
Các sự kiện thể thao thu hút hàng triệu người hâm mộ.,Thể thao,Website,Các sự kiện thể thao thu hút hàng triệu người hâm mộ. Website
Phim truyền hình có thể gây nghiện cho người xem.,Giải trí,Báo,Phim truyền hình có thể gây nghiện cho người xem. Báo
Tìm hiểu về dinh dưỡng rất quan trọng đối với vận động viên.,Giáo dục,Tạp chí,Tìm hiểu về dinh dưỡng rất quan trọng đối với vận động viên. Tạp chí
Thể thao là một cách để giải tỏa căng thẳng sau một ngày làm việc.,Thể thao,Website,Thể thao là một cách để giải tỏa căng thẳng sau một ngày làm việc. Website
Phim hoạt hình thường tạo ra những ký ức đẹp cho trẻ em.,Giải trí,Báo,Phim hoạt hình thường tạo ra những ký ức đẹp cho trẻ em. Báo
Thể thao có thể giúp cải thiện kỹ năng giao tiếp.,Thể thao,Tạp chí,Thể thao có thể giúp cải thiện kỹ năng giao tiếp. Tạp chí
Các loại hình nghệ thuật đa dạng mang đến trải nghiệm phong phú.,Giải trí,Website,Các loại hình nghệ thuật đa dạng mang đến trải nghiệm phong phú. Website
Các môn thể thao mới như drone racing đang dần xuất hiện.,Thể thao,Báo,Các môn thể thao mới như drone racing đang dần xuất hiện. Báo
Phim chính kịch thường khiến người xem cảm động.,Giải trí,Tạp chí,Phim chính kịch thường khiến người xem cảm động. Tạp chí
Chơi thể thao giúp rèn luyện tính kiên nhẫn.,Thể thao,Website,Chơi thể thao giúp rèn luyện tính kiên nhẫn. Website
Phim ngắn có thể truyền tải nhiều thông điệp sâu sắc trong thời gian ngắn.,Giải trí,Báo,Phim ngắn có thể truyền tải nhiều thông điệp sâu sắc trong thời gian ngắn. Báo
Nhạc hòa tấu tạo ra không gian thư giãn cho người nghe.,Giải trí,Tạp chí,Nhạc hòa tấu tạo ra không gian thư giãn cho người nghe. Tạp chí
Thể thao giúp xây dựng tinh thần đồng đội.,Thể thao,Website,Thể thao giúp xây dựng tinh thần đồng đội. Website
Phim tài liệu về khoa học giúp hiểu biết hơn về thế giới.,Giải trí,Báo,Phim tài liệu về khoa học giúp hiểu biết hơn về thế giới. Báo
Các bữa tiệc cuối tuần thường rất vui vẻ.,Giải trí,Website,Các bữa tiệc cuối tuần thường rất vui vẻ. Website
Chạy bộ vào buổi sáng giúp tinh thần thoải mái.,Thể thao,Báo,Chạy bộ vào buổi sáng giúp tinh thần thoải mái. Báo
Những cuốn sách hay thường để lại ấn tượng sâu sắc.,Giáo dục,Tạp chí,Những cuốn sách hay thường để lại ấn tượng sâu sắc. Tạp chí
Thể thao dưới nước mang lại cảm giác thú vị.,Thể thao,Website,Thể thao dưới nước mang lại cảm giác thú vị. Website
Phim hoạt hình 2D có một sức hút riêng.,Giải trí,Báo,Phim hoạt hình 2D có một sức hút riêng. Báo
Tập yoga giúp cân bằng cơ thể và tâm trí.,Thể thao,Tạp chí,Tập yoga giúp cân bằng cơ thể và tâm trí. Tạp chí
Các trận đấu bóng đá luôn hấp dẫn người hâm mộ.,Thể thao,Website,Các trận đấu bóng đá luôn hấp dẫn người hâm mộ. Website
Phim lãng mạn có nhiều khoảnh khắc đáng nhớ.,Giải trí,Báo,Phim lãng mạn có nhiều khoảnh khắc đáng nhớ. Báo
Địa điểm tập gym ngày càng được ưa chuộng.,Thể thao,Tạp chí,Địa điểm tập gym ngày càng được ưa chuộng. Tạp chí
Nhạc indie mang lại cảm giác mới lạ.,Giải trí,Website,Nhạc indie mang lại cảm giác mới lạ. Website
Các môn thể thao vận động viên nữ ngày càng phát triển.,Thể thao,Báo,Các môn thể thao vận động viên nữ ngày càng phát triển. Báo
Phim tài liệu về thiên nhiên rất bổ ích.,Giải trí,Tạp chí,Phim tài liệu về thiên nhiên rất bổ ích. Tạp chí
Thể thao đường phố là một phong trào trẻ trung.,Thể thao,Website,Thể thao đường phố là một phong trào trẻ trung. Website
Chương trình ca nhạc thu hút nhiều khán giả.,Giải trí,Báo,Chương trình ca nhạc thu hút nhiều khán giả. Báo
Bóng rổ là môn thể thao rất năng động.,Thể thao,Tạp chí,Bóng rổ là môn thể thao rất năng động. Tạp chí
Phim hoạt hình Disney có sức hút mãnh liệt với trẻ em.,Giải trí,Website,Phim hoạt hình Disney có sức hút mãnh liệt với trẻ em. Website
Chạy marathon đòi hỏi sự chuẩn bị kỹ lưỡng.,Thể thao,Báo,Chạy marathon đòi hỏi sự chuẩn bị kỹ lưỡng. Báo
Âm nhạc dân gian thường gắn liền với văn hóa địa phương.,Giải trí,Tạp chí,Âm nhạc dân gian thường gắn liền với văn hóa địa phương. Tạp chí
Các giải đấu thể thao quốc tế luôn thu hút sự quan tâm.,Thể thao,Website,Các giải đấu thể thao quốc tế luôn thu hút sự quan tâm. Website
Phim hài hước mang lại những phút giây thư giãn.,Giải trí,Báo,Phim hài hước mang lại những phút giây thư giãn. Báo
Tập thể dục thường xuyên giúp kéo dài tuổi thọ.,Thể thao,Tạp chí,Tập thể dục thường xuyên giúp kéo dài tuổi thọ. Tạp chí
Nhạc rock luôn có một lượng fan trung thành.,Giải trí,Website,Nhạc rock luôn có một lượng fan trung thành. Website
Thể thao mạo hiểm mang lại cảm giác hồi hộp.,Thể thao,Báo,Thể thao mạo hiểm mang lại cảm giác hồi hộp. Báo
Phim điện ảnh Việt Nam đang phát triển mạnh mẽ.,Giải trí,Tạp chí,Phim điện ảnh Việt Nam đang phát triển mạnh mẽ. Tạp chí
Đọc sách là cách để mở mang tri thức.,Giáo dục,Website,Đọc sách là cách để mở mang tri thức. Website
Bơi lội là môn thể thao rất tốt cho sức khỏe.,Thể thao,Báo,Bơi lội là môn thể thao rất tốt cho sức khỏe. Báo
Phim hoạt hình truyền tải nhiều thông điệp hay.,Giải trí,Tạp chí,Phim hoạt hình truyền tải nhiều thông điệp hay. Tạp chí
Yoga giúp cải thiện sức khỏe và sự linh hoạt.,Thể thao,Website,Yoga giúp cải thiện sức khỏe và sự linh hoạt. Website
Nhạc pop luôn có những giai điệu bắt tai.,Giải trí,Báo,Nhạc pop luôn có những giai điệu bắt tai. Báo
Các môn thể thao đồng đội rất thú vị và hấp dẫn.,Thể thao,Tạp chí,Các môn thể thao đồng đội rất thú vị và hấp dẫn. Tạp chí
Phim ngắn đang trở thành xu hướng mới trong điện ảnh.,Giải trí,Website,Phim ngắn đang trở thành xu hướng mới trong điện ảnh. Website
Tập luyện thể thao giúp cải thiện tâm trạng.,Thể thao,Báo,Tập luyện thể thao giúp cải thiện tâm trạng. Báo
Nhạc cổ điển mang lại cảm giác thư giãn.,Giải trí,Tạp chí,Nhạc cổ điển mang lại cảm giác thư giãn. Tạp chí
Golf là một môn thể thao đòi hỏi sự kiên nhẫn.,Thể thao,Website,Golf là một môn thể thao đòi hỏi sự kiên nhẫn. Website
Phim tình cảm luôn có những tình huống lãng mạn thú vị.,Giải trí,Báo,Phim tình cảm luôn có những tình huống lãng mạn thú vị. Báo
Chạy bộ giúp tăng cường sức khỏe tim mạch.,Thể thao,Tạp chí,Chạy bộ giúp tăng cường sức khỏe tim mạch. Tạp chí
Nhạc folk mang đậm bản sắc văn hóa dân tộc.,Giải trí,Website,Nhạc folk mang đậm bản sắc văn hóa dân tộc. Website
Thể thao nghệ thuật giúp cải thiện sự dẻo dai.,Thể thao,Báo,Thể thao nghệ thuật giúp cải thiện sự dẻo dai. Báo
Phim hành động thường có nhiều cảnh gay cấn.,Giải trí,Tạp chí,Phim hành động thường có nhiều cảnh gay cấn. Tạp chí
Điền kinh là môn thể thao biểu diễn sức mạnh và tốc độ.,Thể thao,Website,Điền kinh là môn thể thao biểu diễn sức mạnh và tốc độ. Website
Nhạc dance luôn sôi động và cuốn hút.,Giải trí,Báo,Nhạc dance luôn sôi động và cuốn hút. Báo
Các môn thể thao đối kháng thường có nhiều người tham gia.,Thể thao,Tạp chí,Các môn thể thao đối kháng thường có nhiều người tham gia. Tạp chí
Phim tâm lý thường gây ấn tượng mạnh với khán giả.,Giải trí,Website,Phim tâm lý thường gây ấn tượng mạnh với khán giả. Website
Chơi thể thao là một phần quan trọng của lối sống lành mạnh.,Thể thao,Báo,Chơi thể thao là một phần quan trọng của lối sống lành mạnh. Báo
Phim hoạt hình có thể mang lại những bài học quý giá.,Giải trí,Tạp chí,Phim hoạt hình có thể mang lại những bài học quý giá. Tạp chí
Thể thao mùa đông luôn đầy thử thách.,Thể thao,Website,Thể thao mùa đông luôn đầy thử thách. Website
Nhạc techno mang lại cảm giác hiện đại và trẻ trung.,Giải trí,Báo,Nhạc techno mang lại cảm giác hiện đại và trẻ trung. Báo
Bơi lội không chỉ tốt cho sức khỏe mà còn là một kỹ năng sống.,Thể thao,Tạp chí,Bơi lội không chỉ tốt cho sức khỏe mà còn là một kỹ năng sống. Tạp chí
Phim tài liệu về lịch sử giúp nâng cao kiến thức.,Giải trí,Website,Phim tài liệu về lịch sử giúp nâng cao kiến thức. Website
Thể thao cũng là một cách để giao lưu bạn bè.,Thể thao,Báo,Thể thao cũng là một cách để giao lưu bạn bè. Báo
Phim hài kịch luôn mang đến tiếng cười cho khán giả.,Giải trí,Tạp chí,Phim hài kịch luôn mang đến tiếng cười cho khán giả. Tạp chí
Chạy bộ là một hoạt động dễ dàng và hiệu quả.,Thể thao,Website,Chạy bộ là một hoạt động dễ dàng và hiệu quả. Website
Nhạc hip hop đang ngày càng phát triển trong giới trẻ.,Giải trí,Báo,Nhạc hip hop đang ngày càng phát triển trong giới trẻ. Báo
Phim giả tưởng mở ra những thế giới kỳ diệu cho người xem.,Giải trí,Tạp chí,Phim giả tưởng mở ra những thế giới kỳ diệu cho người xem. Tạp chí
Bóng đá nữ đang ngày càng nhận được sự chú ý.,Thể thao,Website,Bóng đá nữ đang ngày càng nhận được sự chú ý. Website
Nhạc kịch mang đến trải nghiệm nghệ thuật độc đáo.,Giải trí,Báo,Nhạc kịch mang đến trải nghiệm nghệ thuật độc đáo. Báo
Thể thao mạo hiểm cần sự dũng cảm và kỹ năng cao.,Thể thao,Tạp chí,Thể thao mạo hiểm cần sự dũng cảm và kỹ năng cao. Tạp chí
Các sự kiện thể thao thu hút hàng triệu người hâm mộ.,Thể thao,Website,Các sự kiện thể thao thu hút hàng triệu người hâm mộ. Website
Phim truyền hình có thể gây nghiện cho người xem.,Giải trí,Báo,Phim truyền hình có thể gây nghiện cho người xem. Báo
Tìm hiểu về dinh dưỡng rất quan trọng đối với vận động viên.,Giáo dục,Tạp chí,Tìm hiểu về dinh dưỡng rất quan trọng đối với vận động viên. Tạp chí
Thể thao là một cách để giải tỏa căng thẳng sau một ngày làm việc.,Thể thao,Website,Thể thao là một cách để giải tỏa căng thẳng sau một ngày làm việc. Website
Phim hoạt hình thường tạo ra những ký ức đẹp cho trẻ em.,Giải trí,Báo,Phim hoạt hình thường tạo ra những ký ức đẹp cho trẻ em. Báo
Thể thao có thể giúp cải thiện kỹ năng giao tiếp.,Thể thao,Tạp chí,Thể thao có thể giúp cải thiện kỹ năng giao tiếp. Tạp chí
Các loại hình nghệ thuật đa dạng mang đến trải nghiệm phong phú.,Giải trí,Website,Các loại hình nghệ thuật đa dạng mang đến trải nghiệm phong phú. Website
Các môn thể thao mới như drone racing đang dần xuất hiện.,Thể thao,Báo,Các môn thể thao mới như drone racing đang dần xuất hiện. Báo
Phim chính kịch thường khiến người xem cảm động.,Giải trí,Tạp chí,Phim chính kịch thường khiến người xem cảm động. Tạp chí
Chơi thể thao giúp rèn luyện tính kiên nhẫn.,Thể thao,Website,Chơi thể thao giúp rèn luyện tính kiên nhẫn. Website
Phim ngắn có thể truyền tải nhiều thông điệp sâu sắc trong thời gian ngắn.,Giải trí,Báo,Phim ngắn có thể truyền tải nhiều thông điệp sâu sắc trong thời gian ngắn. Báo
Nhạc hòa tấu tạo ra không gian thư giãn cho người nghe.,Giải trí,Tạp chí,Nhạc hòa tấu tạo ra không gian thư giãn cho người nghe. Tạp chí
Thể thao giúp xây dựng tinh thần đồng đội.,Thể thao,Website,Thể thao giúp xây dựng tinh thần đồng đội. Website
Phim tài liệu về khoa học giúp hiểu biết hơn về thế giới.,Giải trí,Báo,Phim tài liệu về khoa học giúp hiểu biết hơn về thế giới. Báo
Các bữa tiệc cuối tuần thường rất vui vẻ.,Giải trí,Website,Các bữa tiệc cuối tuần thường rất vui vẻ. Website
Chạy bộ vào buổi sáng giúp tinh thần thoải mái.,Thể thao,Báo,Chạy bộ vào buổi sáng giúp tinh thần thoải mái. Báo
Những cuốn sách hay thường để lại ấn tượng sâu sắc.,Giáo dục,Tạp chí,Những cuốn sách hay thường để lại ấn tượng sâu sắc. Tạp chí
Thể thao dưới nước mang lại cảm giác thú vị.,Thể thao,Website,Thể thao dưới nước mang lại cảm giác thú vị. Website
Phim hoạt hình 2D có một sức hút riêng.,Giải trí,Báo,Phim hoạt hình 2D có một sức hút riêng. Báo
Tập yoga giúp cân bằng cơ thể và tâm trí.,Thể thao,Tạp chí,Tập yoga giúp cân bằng cơ thể và tâm trí. Tạp chí
Các trận đấu bóng đá luôn hấp dẫn người hâm mộ.,Thể thao,Website,Các trận đấu bóng đá luôn hấp dẫn người hâm mộ. Website
Phim lãng mạn có nhiều khoảnh khắc đáng nhớ.,Giải trí,Báo,Phim lãng mạn có nhiều khoảnh khắc đáng nhớ. Báo
Địa điểm tập gym ngày càng được ưa chuộng.,Thể thao,Tạp chí,Địa điểm tập gym ngày càng được ưa chuộng. Tạp chí
Nhạc indie mang lại cảm giác mới lạ.,Giải trí,Website,Nhạc indie mang lại cảm giác mới lạ. Website
Các môn thể thao vận động viên nữ ngày càng phát triển.,Thể thao,Báo,Các môn thể thao vận động viên nữ ngày càng phát triển. Báo
Phim tài liệu về thiên nhiên rất bổ ích.,Giải trí,Tạp chí,Phim tài liệu về thiên nhiên rất bổ ích. Tạp chí
Thể thao đường phố là một phong trào trẻ trung.,Thể thao,Website,Thể thao đường phố là một phong trào trẻ trung. Website
Chương trình ca nhạc thu hút nhiều khán giả.,Giải trí,Báo,Chương trình ca nhạc thu hút nhiều khán giả. Báo
Bóng rổ là môn thể thao rất năng động.,Thể thao,Tạp chí,Bóng rổ là môn thể thao rất năng động. Tạp chí
Phim hoạt hình Disney có sức hút mãnh liệt với trẻ em.,Giải trí,Website,Phim hoạt hình Disney có sức hút mãnh liệt với trẻ em. Website
Chạy marathon đòi hỏi sự chuẩn bị kỹ lưỡng.,Thể thao,Báo,Chạy marathon đòi hỏi sự chuẩn bị kỹ lưỡng. Báo
Âm nhạc dân gian thường gắn liền với văn hóa địa phương.,Giải trí,Tạp chí,Âm nhạc dân gian thường gắn liền với văn hóa địa phương. Tạp chí
Các giải đấu thể thao quốc tế luôn thu hút sự quan tâm.,Thể thao,Website,Các giải đấu thể thao quốc tế luôn thu hút sự quan tâm. Website
Phim hài hước mang lại những phút giây thư giãn.,Giải trí,Báo,Phim hài hước mang lại những phút giây thư giãn. Báo
Tập thể dục thường xuyên giúp kéo dài tuổi thọ.,Thể thao,Tạp chí,Tập thể dục thường xuyên giúp kéo dài tuổi thọ. Tạp chí
Nhạc rock luôn có một lượng fan trung thành.,Giải trí,Website,Nhạc rock luôn có một lượng fan trung thành. Website
Thể thao mạo hiểm mang lại cảm giác hồi hộp.,Thể thao,Báo,Thể thao mạo hiểm mang lại cảm giác hồi hộp. Báo
Phim điện ảnh Việt Nam đang phát triển mạnh mẽ.,Giải trí,Tạp chí,Phim điện ảnh Việt Nam đang phát triển mạnh mẽ. Tạp chí
Đọc sách là cách để mở mang tri thức.,Giáo dục,Website,Đọc sách là cách để mở mang tri thức. Website
Bơi lội là môn thể thao rất tốt cho sức khỏe.,Thể thao,Báo,Bơi lội là môn thể thao rất tốt cho sức khỏe. Báo
Phim hoạt hình truyền tải nhiều thông điệp hay.,Giải trí,Tạp chí,Phim hoạt hình truyền tải nhiều thông điệp hay. Tạp chí
Yoga giúp cải thiện sức khỏe và sự linh hoạt.,Thể thao,Website,Yoga giúp cải thiện sức khỏe và sự linh hoạt. Website
Nhạc pop luôn có những giai điệu bắt tai.,Giải trí,Báo,Nhạc pop luôn có những giai điệu bắt tai. Báo
Các môn thể thao đồng đội rất thú vị và hấp dẫn.,Thể thao,Tạp chí,Các môn thể thao đồng đội rất thú vị và hấp dẫn. Tạp chí
Phim ngắn đang trở thành xu hướng mới trong điện ảnh.,Giải trí,Website,Phim ngắn đang trở thành xu hướng mới trong điện ảnh. Website
Tập luyện thể thao giúp cải thiện tâm trạng.,Thể thao,Báo,Tập luyện thể thao giúp cải thiện tâm trạng. Báo
Nhạc cổ điển mang lại cảm giác thư giãn.,Giải trí,Tạp chí,Nhạc cổ điển mang lại cảm giác thư giãn. Tạp chí
Golf là một môn thể thao đòi hỏi sự kiên nhẫn.,Thể thao,Website,Golf là một môn thể thao đòi hỏi sự kiên nhẫn. Website
Phim tình cảm luôn có những tình huống lãng mạn thú vị.,Giải trí,Báo,Phim tình cảm luôn có những tình huống lãng mạn thú vị. Báo
Chạy bộ giúp tăng cường sức khỏe tim mạch.,Thể thao,Tạp chí,Chạy bộ giúp tăng cường sức khỏe tim mạch. Tạp chí
Nhạc folk mang đậm bản sắc văn hóa dân tộc.,Giải trí,Website,Nhạc folk mang đậm bản sắc văn hóa dân tộc. Website
Thể thao nghệ thuật giúp cải thiện sự dẻo dai.,Thể thao,Báo,Thể thao nghệ thuật giúp cải thiện sự dẻo dai. Báo
Phim hành động thường có nhiều cảnh gay cấn.,Giải trí,Tạp chí,Phim hành động thường có nhiều cảnh gay cấn. Tạp chí
Điền kinh là môn thể thao biểu diễn sức mạnh và tốc độ.,Thể thao,Website,Điền kinh là môn thể thao biểu diễn sức mạnh và tốc độ. Website
Nhạc dance luôn sôi động và cuốn hút.,Giải trí,Báo,Nhạc dance luôn sôi động và cuốn hút. Báo
Các môn thể thao đối kháng thường có nhiều người tham gia.,Thể thao,Tạp chí,Các môn thể thao đối kháng thường có nhiều người tham gia. Tạp chí
Phim tâm lý thường gây ấn tượng mạnh với khán giả.,Giải trí,Website,Phim tâm lý thường gây ấn tượng mạnh với khán giả. Website
Chơi thể thao là một phần quan trọng của lối sống lành mạnh.,Thể thao,Báo,Chơi thể thao là một phần quan trọng của lối sống lành mạnh. Báo
Phim hoạt hình có thể mang lại những bài học quý giá.,Giải trí,Tạp chí,Phim hoạt hình có thể mang lại những bài học quý giá. Tạp chí
Thể thao mùa đông luôn đầy thử thách.,Thể thao,Website,Thể thao mùa đông luôn đầy thử thách. Website
Nhạc techno mang lại cảm giác hiện đại và trẻ trung.,Giải trí,Báo,Nhạc techno mang lại cảm giác hiện đại và trẻ trung. Báo
Bơi lội không chỉ tốt cho sức khỏe mà còn là một kỹ năng sống.,Thể thao,Tạp chí,Bơi lội không chỉ tốt cho sức khỏe mà còn là một kỹ năng sống. Tạp chí
Phim tài liệu về lịch sử giúp nâng cao kiến thức.,Giải trí,Website,Phim tài liệu về lịch sử giúp nâng cao kiến thức. Website
Thể thao cũng là một cách để giao lưu bạn bè.,Thể thao,Báo,Thể thao cũng là một cách để giao lưu bạn bè. Báo
Phim hài kịch luôn mang đến tiếng cười cho khán giả.,Giải trí,Tạp chí,Phim hài kịch luôn mang đến tiếng cười cho khán giả. Tạp chí
Chạy bộ là một hoạt động dễ dàng và hiệu quả.,Thể thao,Website,Chạy bộ là một hoạt động dễ dàng và hiệu quả. Website
Nhạc hip hop đang ngày càng phát triển trong giới trẻ.,Giải trí,Báo,Nhạc hip hop đang ngày càng phát triển trong giới trẻ. Báo
Phim giả tưởng mở ra những thế giới kỳ diệu cho người xem.,Giải trí,Tạp chí,Phim giả tưởng mở ra những thế giới kỳ diệu cho người xem. Tạp chí
Bóng đá nữ đang ngày càng nhận được sự chú ý.,Thể thao,Website,Bóng đá nữ đang ngày càng nhận được sự chú ý. Website
Nhạc kịch mang đến trải nghiệm nghệ thuật độc đáo.,Giải trí,Báo,Nhạc kịch mang đến trải nghiệm nghệ thuật độc đáo. Báo
Thể thao mạo hiểm cần sự dũng cảm và kỹ năng cao.,Thể thao,Tạp chí,Thể thao mạo hiểm cần sự dũng cảm và kỹ năng cao. Tạp chí
Các sự kiện thể thao thu hút hàng triệu người hâm mộ.,Thể thao,Website,Các sự kiện thể thao thu hút hàng triệu người hâm mộ. Website
Phim truyền hình có thể gây nghiện cho người xem.,Giải trí,Báo,Phim truyền hình có thể gây nghiện cho người xem. Báo
Tìm hiểu về dinh dưỡng rất quan trọng đối với vận động viên.,Giáo dục,Tạp chí,Tìm hiểu về dinh dưỡng rất quan trọng đối với vận động viên. Tạp chí
Thể thao là một cách để giải tỏa căng thẳng sau một ngày làm việc.,Thể thao,Website,Thể thao là một cách để giải tỏa căng thẳng sau một ngày làm việc. Website
Phim hoạt hình thường tạo ra những ký ức đẹp cho trẻ em.,Giải trí,Báo,Phim hoạt hình thường tạo ra những ký ức đẹp cho trẻ em. Báo
Thể thao có thể giúp cải thiện kỹ năng giao tiếp.,Thể thao,Tạp chí,Thể thao có thể giúp cải thiện kỹ năng giao tiếp. Tạp chí
Các loại hình nghệ thuật đa dạng mang đến trải nghiệm phong phú.,Giải trí,Website,Các loại hình nghệ thuật đa dạng mang đến trải nghiệm phong phú. Website
Các môn thể thao mới như drone racing đang dần xuất hiện.,Thể thao,Báo,Các môn thể thao mới như drone racing đang dần xuất hiện. Báo
Phim chính kịch thường khiến người xem cảm động.,Giải trí,Tạp chí,Phim chính kịch thường khiến người xem cảm động. Tạp chí
Chơi thể thao giúp rèn luyện tính kiên nhẫn.,Thể thao,Website,Chơi thể thao giúp rèn luyện tính kiên nhẫn. Website
Phim ngắn có thể truyền tải nhiều thông điệp sâu sắc trong thời gian ngắn.,Giải trí,Báo,Phim ngắn có thể truyền tải nhiều thông điệp sâu sắc trong thời gian ngắn. Báo
Nhạc hòa tấu tạo ra không gian thư giãn cho người nghe.,Giải trí,Tạp chí,Nhạc hòa tấu tạo ra không gian thư giãn cho người nghe. Tạp chí
Thể thao giúp xây dựng tinh thần đồng đội.,Thể thao,Website,Thể thao giúp xây dựng tinh thần đồng đội. Website
Phim tài liệu về khoa học giúp hiểu biết hơn về thế giới.,Giải trí,Báo,Phim tài liệu về khoa học giúp hiểu biết hơn về thế giới. Báo
Các bữa tiệc cuối tuần thường rất vui vẻ.,Giải trí,Website,Các bữa tiệc cuối tuần thường rất vui vẻ. Website
Chạy bộ vào buổi sáng giúp tinh thần thoải mái.,Thể thao,Báo,Chạy bộ vào buổi sáng giúp tinh thần thoải mái. Báo
Những cuốn sách hay thường để lại ấn tượng sâu sắc.,Giáo dục,Tạp chí,Những cuốn sách hay thường để lại ấn tượng sâu sắc. Tạp chí
Thể thao dưới nước mang lại cảm giác thú vị.,Thể thao,Website,Thể thao dưới nước mang lại cảm giác thú vị. Website
Phim hoạt hình 2D có một sức hút riêng.,Giải trí,Báo,Phim hoạt hình 2D có một sức hút riêng. Báo
Tập yoga giúp cân bằng cơ thể và tâm trí.,Thể thao,Tạp chí,Tập yoga giúp cân bằng cơ thể và tâm trí. Tạp chí
Các trận đấu bóng đá luôn hấp dẫn người hâm mộ.,Thể thao,Website,Các trận đấu bóng đá luôn hấp dẫn người hâm mộ. Website
Phim lãng mạn có nhiều khoảnh khắc đáng nhớ.,Giải trí,Báo,Phim lãng mạn có nhiều khoảnh khắc đáng nhớ. Báo
Địa điểm tập gym ngày càng được ưa chuộng.,Thể thao,Tạp chí,Địa điểm tập gym ngày càng được ưa chuộng. Tạp chí
Nhạc indie mang lại cảm giác mới lạ.,Giải trí,Website,Nhạc indie mang lại cảm giác mới lạ. Website
Các môn thể thao vận động viên nữ ngày càng phát triển.,Thể thao,Báo,Các môn thể thao vận động viên nữ ngày càng phát triển. Báo
Phim tài liệu về thiên nhiên rất bổ ích.,Giải trí,Tạp chí,Phim tài liệu về thiên nhiên rất bổ ích. Tạp chí
Thể thao đường phố là một phong trào trẻ trung.,Thể thao,Website,Thể thao đường phố là một phong trào trẻ trung. Website
Chương trình ca nhạc thu hút nhiều khán giả.,Giải trí,Báo,Chương trình ca nhạc thu hút nhiều khán giả. Báo
Bóng rổ là môn thể thao rất năng động.,Thể thao,Tạp chí,Bóng rổ là môn thể thao rất năng động. Tạp chí
Phim hoạt hình Disney có sức hút mãnh liệt với trẻ em.,Giải trí,Website,Phim hoạt hình Disney có sức hút mãnh liệt với trẻ em. Website
Chạy marathon đòi hỏi sự chuẩn bị kỹ lưỡng.,Thể thao,Báo,Chạy marathon đòi hỏi sự chuẩn bị kỹ lưỡng. Báo
Âm nhạc dân gian thường gắn liền với văn hóa địa phương.,Giải trí,Tạp chí,Âm nhạc dân gian thường gắn liền với văn hóa địa phương. Tạp chí
Các giải đấu thể thao quốc tế luôn thu hút sự quan tâm.,Thể thao,Website,Các giải đấu thể thao quốc tế luôn thu hút sự quan tâm. Website
Phim hài hước mang lại những phút giây thư giãn.,Giải trí,Báo,Phim hài hước mang lại những phút giây thư giãn. Báo
Tập thể dục thường xuyên giúp kéo dài tuổi thọ.,Thể thao,Tạp chí,Tập thể dục thường xuyên giúp kéo dài tuổi thọ. Tạp chí
Nhạc rock luôn có một lượng fan trung thành.,Giải trí,Website,Nhạc rock luôn có một lượng fan trung thành. Website
Thể thao mạo hiểm mang lại cảm giác hồi hộp.,Thể thao,Báo,Thể thao mạo hiểm mang lại cảm giác hồi hộp. Báo
Phim điện ảnh Việt Nam đang phát triển mạnh mẽ.,Giải trí,Tạp chí,Phim điện ảnh Việt Nam đang phát triển mạnh mẽ. Tạp chí
Đọc sách là cách để mở mang tri thức.,Giáo dục,Website,Đọc sách là cách để mở mang tri thức. Website
Bơi lội là môn thể thao rất tốt cho sức khỏe.,Thể thao,Báo,Bơi lội là môn thể thao rất tốt cho sức khỏe. Báo
Phim hoạt hình truyền tải nhiều thông điệp hay.,Giải trí,Tạp chí,Phim hoạt hình truyền tải nhiều thông điệp hay. Tạp chí
Yoga giúp cải thiện sức khỏe và sự linh hoạt.,Thể thao,Website,Yoga giúp cải thiện sức khỏe và sự linh hoạt. Website
Nhạc pop luôn có những giai điệu bắt tai.,Giải trí,Báo,Nhạc pop luôn có những giai điệu bắt tai. Báo
Các môn thể thao đồng đội rất thú vị và hấp dẫn.,Thể thao,Tạp chí,Các môn thể thao đồng đội rất thú vị và hấp dẫn. Tạp chí
Phim ngắn đang trở thành xu hướng mới trong điện ảnh.,Giải trí,Website,Phim ngắn đang trở thành xu hướng mới trong điện ảnh. Website
Tập luyện thể thao giúp cải thiện tâm trạng.,Thể thao,Báo,Tập luyện thể thao giúp cải thiện tâm trạng. Báo
Nhạc cổ điển mang lại cảm giác thư giãn.,Giải trí,Tạp chí,Nhạc cổ điển mang lại cảm giác thư giãn. Tạp chí
Golf là một môn thể thao đòi hỏi sự kiên nhẫn.,Thể thao,Website,Golf là một môn thể thao đòi hỏi sự kiên nhẫn. Website
Phim tình cảm luôn có những tình huống lãng mạn thú vị.,Giải trí,Báo,Phim tình cảm luôn có những tình huống lãng mạn thú vị. Báo
Chạy bộ giúp tăng cường sức khỏe tim mạch.,Thể thao,Tạp chí,Chạy bộ giúp tăng cường sức khỏe tim mạch. Tạp chí
Nhạc folk mang đậm bản sắc văn hóa dân tộc.,Giải trí,Website,Nhạc folk mang đậm bản sắc văn hóa dân tộc. Website
Thể thao nghệ thuật giúp cải thiện sự dẻo dai.,Thể thao,Báo,Thể thao nghệ thuật giúp cải thiện sự dẻo dai. Báo
Phim hành động thường có nhiều cảnh gay cấn.,Giải trí,Tạp chí,Phim hành động thường có nhiều cảnh gay cấn. Tạp chí
Điền kinh là môn thể thao biểu diễn sức mạnh và tốc độ.,Thể thao,Website,Điền kinh là môn thể thao biểu diễn sức mạnh và tốc độ. Website
Nhạc dance luôn sôi động và cuốn hút.,Giải trí,Báo,Nhạc dance luôn sôi động và cuốn hút. Báo
Các môn thể thao đối kháng thường có nhiều người tham gia.,Thể thao,Tạp chí,Các môn thể thao đối kháng thường có nhiều người tham gia. Tạp chí
Phim tâm lý thường gây ấn tượng mạnh với khán giả.,Giải trí,Website,Phim tâm lý thường gây ấn tượng mạnh với khán giả. Website
Chơi thể thao là một phần quan trọng của lối sống lành mạnh.,Thể thao,Báo,Chơi thể thao là một phần quan trọng của lối sống lành mạnh. Báo
Phim hoạt hình có thể mang lại những bài học quý giá.,Giải trí,Tạp chí,Phim hoạt hình có thể mang lại những bài học quý giá. Tạp chí
Thể thao mùa đông luôn đầy thử thách.,Thể thao,Website,Thể thao mùa đông luôn đầy thử thách. Website
Nhạc techno mang lại cảm giác hiện đại và trẻ trung.,Giải trí,Báo,Nhạc techno mang lại cảm giác hiện đại và trẻ trung. Báo
Bơi lội không chỉ tốt cho sức khỏe mà còn là một kỹ năng sống.,Thể thao,Tạp chí,Bơi lội không chỉ tốt cho sức khỏe mà còn là một kỹ năng sống. Tạp chí
Phim tài liệu về lịch sử giúp nâng cao kiến thức.,Giải trí,Website,Phim tài liệu về lịch sử giúp nâng cao kiến thức. Website
Thể thao cũng là một cách để giao lưu bạn bè.,Thể thao,Báo,Thể thao cũng là một cách để giao lưu bạn bè. Báo
Phim hài kịch luôn mang đến tiếng cười cho khán giả.,Giải trí,Tạp chí,Phim hài kịch luôn mang đến tiếng cười cho khán giả. Tạp chí
Chạy bộ là một hoạt động dễ dàng và hiệu quả.,Thể thao,Website,Chạy bộ là một hoạt động dễ dàng và hiệu quả. Website
Nhạc hip hop đang ngày càng phát triển trong giới trẻ.,Giải trí,Báo,Nhạc hip hop đang ngày càng phát triển trong giới trẻ. Báo
Phim giả tưởng mở ra những thế giới kỳ diệu cho người xem.,Giải trí,Tạp chí,Phim giả tưởng mở ra những thế giới kỳ diệu cho người xem. Tạp chí
Bóng đá nữ đang ngày càng nhận được sự chú ý.,Thể thao,Website,Bóng đá nữ đang ngày càng nhận được sự chú ý. Website
Nhạc kịch mang đến trải nghiệm nghệ thuật độc đáo.,Giải trí,Báo,Nhạc kịch mang đến trải nghiệm nghệ thuật độc đáo. Báo
Thể thao mạo hiểm cần sự dũng cảm và kỹ năng cao.,Thể thao,Tạp chí,Thể thao mạo hiểm cần sự dũng cảm và kỹ năng cao. Tạp chí
Các sự kiện thể thao thu hút hàng triệu người hâm mộ.,Thể thao,Website,Các sự kiện thể thao thu hút hàng triệu người hâm mộ. Website
Phim truyền hình có thể gây nghiện cho người xem.,Giải trí,Báo,Phim truyền hình có thể gây nghiện cho người xem. Báo
Tìm hiểu về dinh dưỡng rất quan trọng đối với vận động viên.,Giáo dục,Tạp chí,Tìm hiểu về dinh dưỡng rất quan trọng đối với vận động viên. Tạp chí
Thể thao là một cách để giải tỏa căng thẳng sau một ngày làm việc.,Thể thao,Website,Thể thao là một cách để giải tỏa căng thẳng sau một ngày làm việc. Website
Phim hoạt hình thường tạo ra những ký ức đẹp cho trẻ em.,Giải trí,Báo,Phim hoạt hình thường tạo ra những ký ức đẹp cho trẻ em. Báo
Thể thao có thể giúp cải thiện kỹ năng giao tiếp.,Thể thao,Tạp chí,Thể thao có thể giúp cải thiện kỹ năng giao tiếp. Tạp chí
Các loại hình nghệ thuật đa dạng mang đến trải nghiệm phong phú.,Giải trí,Website,Các loại hình nghệ thuật đa dạng mang đến trải nghiệm phong phú. Website
Các môn thể thao mới như drone racing đang dần xuất hiện.,Thể thao,Báo,Các môn thể thao mới như drone racing đang dần xuất hiện. Báo
Phim chính kịch thường khiến người xem cảm động.,Giải trí,Tạp chí,Phim chính kịch thường khiến người xem cảm động. Tạp chí
Chơi thể thao giúp rèn luyện tính kiên nhẫn.,Thể thao,Website,Chơi thể thao giúp rèn luyện tính kiên nhẫn. Website
Phim ngắn có thể truyền tải nhiều thông điệp sâu sắc trong thời gian ngắn.,Giải trí,Báo,Phim ngắn có thể truyền tải nhiều thông điệp sâu sắc trong thời gian ngắn. Báo
Nhạc hòa tấu tạo ra không gian thư giãn cho người nghe.,Giải trí,Tạp chí,Nhạc hòa tấu tạo ra không gian thư giãn cho người nghe. Tạp chí
Thể thao giúp xây dựng tinh thần đồng đội.,Thể thao,Website,Thể thao giúp xây dựng tinh thần đồng đội. Website
Phim tài liệu về khoa học giúp hiểu biết hơn về thế giới.,Giải trí,Báo,Phim tài liệu về khoa học giúp hiểu biết hơn về thế giới. Báo
Các bữa tiệc cuối tuần thường rất vui vẻ.,Giải trí,Website,Các bữa tiệc cuối tuần thường rất vui vẻ. Website
Chạy bộ vào buổi sáng giúp tinh thần thoải mái.,Thể thao,Báo,Chạy bộ vào buổi sáng giúp tinh thần thoải mái. Báo
Những cuốn sách hay thường để lại ấn tượng sâu sắc.,Giáo dục,Tạp chí,Những cuốn sách hay thường để lại ấn tượng sâu sắc. Tạp chí
Thể thao dưới nước mang lại cảm giác thú vị.,Thể thao,Website,Thể thao dưới nước mang lại cảm giác thú vị. Website
Phim hoạt hình 2D có một sức hút riêng.,Giải trí,Báo,Phim hoạt hình 2D có một sức hút riêng. Báo
Tập yoga giúp cân bằng cơ thể và tâm trí.,Thể thao,Tạp chí,Tập yoga giúp cân bằng cơ thể và tâm trí. Tạp chí
Các trận đấu bóng đá luôn hấp dẫn người hâm mộ.,Thể thao,Website,Các trận đấu bóng đá luôn hấp dẫn người hâm mộ. Website
Phim lãng mạn có nhiều khoảnh khắc đáng nhớ.,Giải trí,Báo,Phim lãng mạn có nhiều khoảnh khắc đáng nhớ. Báo
Địa điểm tập gym ngày càng được ưa chuộng.,Thể thao,Tạp chí,Địa điểm tập gym ngày càng được ưa chuộng. Tạp chí
Nhạc indie mang lại cảm giác mới lạ.,Giải trí,Website,Nhạc indie mang lại cảm giác mới lạ. Website
Các môn thể thao vận động viên nữ ngày càng phát triển.,Thể thao,Báo,Các môn thể thao vận động viên nữ ngày càng phát triển. Báo
Phim tài liệu về thiên nhiên rất bổ ích.,Giải trí,Tạp chí,Phim tài liệu về thiên nhiên rất bổ ích. Tạp chí
Thể thao đường phố là một phong trào trẻ trung.,Thể thao,Website,Thể thao đường phố là một phong trào trẻ trung. Website
Chương trình ca nhạc thu hút nhiều khán giả.,Giải trí,Báo,Chương trình ca nhạc thu hút nhiều khán giả. Báo
Bóng rổ là môn thể thao rất năng động.,Thể thao,Tạp chí,Bóng rổ là môn thể thao rất năng động. Tạp chí
Phim hoạt hình Disney có sức hút mãnh liệt với trẻ em.,Giải trí,Website,Phim hoạt hình Disney có sức hút mãnh liệt với trẻ em. Website
Chạy marathon đòi hỏi sự chuẩn bị kỹ lưỡng.,Thể thao,Báo,Chạy marathon đòi hỏi sự chuẩn bị kỹ lưỡng. Báo
Âm nhạc dân gian thường gắn liền với văn hóa địa phương.,Giải trí,Tạp chí,Âm nhạc dân gian thường gắn liền với văn hóa địa phương. Tạp chí
Các giải đấu thể thao quốc tế luôn thu hút sự quan tâm.,Thể thao,Website,Các giải đấu thể thao quốc tế luôn thu hút sự quan tâm. Website
Phim hài hước mang lại những phút giây thư giãn.,Giải trí,Báo,Phim hài hước mang lại những phút giây thư giãn. Báo
Tập thể dục thường xuyên giúp kéo dài tuổi thọ.,Thể thao,Tạp chí,Tập thể dục thường xuyên giúp kéo dài tuổi thọ. Tạp chí
Nhạc rock luôn có một lượng fan trung thành.,Giải trí,Website,Nhạc rock luôn có một lượng fan trung thành. Website
Thể thao mạo hiểm mang lại cảm giác hồi hộp.,Thể thao,Báo,Thể thao mạo hiểm mang lại cảm giác hồi hộp. Báo
Phim điện ảnh Việt Nam đang phát triển mạnh mẽ.,Giải trí,Tạp chí,Phim điện ảnh Việt Nam đang phát triển mạnh mẽ. Tạp chí
Đọc sách là cách để mở mang tri thức.,Giáo dục,Website,Đọc sách là cách để mở mang tri thức. Website
Bơi lội là môn thể thao rất tốt cho sức khỏe.,Thể thao,Báo,Bơi lội là môn thể thao rất tốt cho sức khỏe. Báo
Phim hoạt hình truyền tải nhiều thông điệp hay.,Giải trí,Tạp chí,Phim hoạt hình truyền tải nhiều thông điệp hay. Tạp chí
Yoga giúp cải thiện sức khỏe và sự linh hoạt.,Thể thao,Website,Yoga giúp cải thiện sức khỏe và sự linh hoạt. Website
Nhạc pop luôn có những giai điệu bắt tai.,Giải trí,Báo,Nhạc pop luôn có những giai điệu bắt tai. Báo
Các môn thể thao đồng đội rất thú vị và hấp dẫn.,Thể thao,Tạp chí,Các môn thể thao đồng đội rất thú vị và hấp dẫn. Tạp chí
Phim ngắn đang trở thành xu hướng mới trong điện ảnh.,Giải trí,Website,Phim ngắn đang trở thành xu hướng mới trong điện ảnh. Website
Tập luyện thể thao giúp cải thiện tâm trạng.,Thể thao,Báo,Tập luyện thể thao giúp cải thiện tâm trạng. Báo
Nhạc cổ điển mang lại cảm giác thư giãn.,Giải trí,Tạp chí,Nhạc cổ điển mang lại cảm giác thư giãn. Tạp chí
Golf là một môn thể thao đòi hỏi sự kiên nhẫn.,Thể thao,Website,Golf là một môn thể thao đòi hỏi sự kiên nhẫn. Website
Phim tình cảm luôn có những tình huống lãng mạn thú vị.,Giải trí,Báo,Phim tình cảm luôn có những tình huống lãng mạn thú vị. Báo
Chạy bộ giúp tăng cường sức khỏe tim mạch.,Thể thao,Tạp chí,Chạy bộ giúp tăng cường sức khỏe tim mạch. Tạp chí
Nhạc folk mang đậm bản sắc văn hóa dân tộc.,Giải trí,Website,Nhạc folk mang đậm bản sắc văn hóa dân tộc. Website
Thể thao nghệ thuật giúp cải thiện sự dẻo dai.,Thể thao,Báo,Thể thao nghệ thuật giúp cải thiện sự dẻo dai. Báo
Phim hành động thường có nhiều cảnh gay cấn.,Giải trí,Tạp chí,Phim hành động thường có nhiều cảnh gay cấn. Tạp chí
Điền kinh là môn thể thao biểu diễn sức mạnh và tốc độ.,Thể thao,Website,Điền kinh là môn thể thao biểu diễn sức mạnh và tốc độ. Website
Nhạc dance luôn sôi động và cuốn hút.,Giải trí,Báo,Nhạc dance luôn sôi động và cuốn hút. Báo
Các môn thể thao đối kháng thường có nhiều người tham gia.,Thể thao,Tạp chí,Các môn thể thao đối kháng thường có nhiều người tham gia. Tạp chí
Phim tâm lý thường gây ấn tượng mạnh với khán giả.,Giải trí,Website,Phim tâm lý thường gây ấn tượng mạnh với khán giả. Website
Chơi thể thao là một phần quan trọng của lối sống lành mạnh.,Thể thao,Báo,Chơi thể thao là một phần quan trọng của lối sống lành mạnh. Báo
Phim hoạt hình có thể mang lại những bài học quý giá.,Giải trí,Tạp chí,Phim hoạt hình có thể mang lại những bài học quý giá. Tạp chí
Thể thao mùa đông luôn đầy thử thách.,Thể thao,Website,Thể thao mùa đông luôn đầy thử thách. Website
Nhạc techno mang lại cảm giác hiện đại và trẻ trung.,Giải trí,Báo,Nhạc techno mang lại cảm giác hiện đại và trẻ trung. Báo
Bơi lội không chỉ tốt cho sức khỏe mà còn là một kỹ năng sống.,Thể thao,Tạp chí,Bơi lội không chỉ tốt cho sức khỏe mà còn là một kỹ năng sống. Tạp chí
Phim tài liệu về lịch sử giúp nâng cao kiến thức.,Giải trí,Website,Phim tài liệu về lịch sử giúp nâng cao kiến thức. Website
Thể thao cũng là một cách để giao lưu bạn bè.,Thể thao,Báo,Thể thao cũng là một cách để giao lưu bạn bè. Báo
Phim hài kịch luôn mang đến tiếng cười cho khán giả.,Giải trí,Tạp chí,Phim hài kịch luôn mang đến tiếng cười cho khán giả. Tạp chí
Chạy bộ là một hoạt động dễ dàng và hiệu quả.,Thể thao,Website,Chạy bộ là một hoạt động dễ dàng và hiệu quả. Website
Nhạc hip hop đang ngày càng phát triển trong giới trẻ.,Giải trí,Báo,Nhạc hip hop đang ngày càng phát triển trong giới trẻ. Báo
Phim giả tưởng mở ra những thế giới kỳ diệu cho người xem.,Giải trí,Tạp chí,Phim giả tưởng mở ra những thế giới kỳ diệu cho người xem. Tạp chí
Bóng đá nữ đang ngày càng nhận được sự chú ý.,Thể thao,Website,Bóng đá nữ đang ngày càng nhận được sự chú ý. Website
Nhạc kịch mang đến trải nghiệm nghệ thuật độc đáo.,Giải trí,Báo,Nhạc kịch mang đến trải nghiệm nghệ thuật độc đáo. Báo
Thể thao mạo hiểm cần sự dũng cảm và kỹ năng cao.,Thể thao,Tạp chí,Thể thao mạo hiểm cần sự dũng cảm và kỹ năng cao. Tạp chí
Các sự kiện thể thao thu hút hàng triệu người hâm mộ.,Thể thao,Website,Các sự kiện thể thao thu hút hàng triệu người hâm mộ. Website
Phim truyền hình có thể gây nghiện cho người xem.,Giải trí,Báo,Phim truyền hình có thể gây nghiện cho người xem. Báo
Tìm hiểu về dinh dưỡng rất quan trọng đối với vận động viên.,Giáo dục,Tạp chí,Tìm hiểu về dinh dưỡng rất quan trọng đối với vận động viên. Tạp chí
Thể thao là một cách để giải tỏa căng thẳng sau một ngày làm việc.,Thể thao,Website,Thể thao là một cách để giải tỏa căng thẳng sau một ngày làm việc. Website
Phim hoạt hình thường tạo ra những ký ức đẹp cho trẻ em.,Giải trí,Báo,Phim hoạt hình thường tạo ra những ký ức đẹp cho trẻ em. Báo
Thể thao có thể giúp cải thiện kỹ năng giao tiếp.,Thể thao,Tạp chí,Thể thao có thể giúp cải thiện kỹ năng giao tiếp. Tạp chí
Các loại hình nghệ thuật đa dạng mang đến trải nghiệm phong phú.,Giải trí,Website,Các loại hình nghệ thuật đa dạng mang đến trải nghiệm phong phú. Website
Các môn thể thao mới như drone racing đang dần xuất hiện.,Thể thao,Báo,Các môn thể thao mới như drone racing đang dần xuất hiện. Báo
Phim chính kịch thường khiến người xem cảm động.,Giải trí,Tạp chí,Phim chính kịch thường khiến người xem cảm động. Tạp chí
Chơi thể thao giúp rèn luyện tính kiên nhẫn.,Thể thao,Website,Chơi thể thao giúp rèn luyện tính kiên nhẫn. Website
Phim ngắn có thể truyền tải nhiều thông điệp sâu sắc trong thời gian ngắn.,Giải trí,Báo,Phim ngắn có thể truyền tải nhiều thông điệp sâu sắc trong thời gian ngắn. Báo
Nhạc hòa tấu tạo ra không gian thư giãn cho người nghe.,Giải trí,Tạp chí,Nhạc hòa tấu tạo ra không gian thư giãn cho người nghe. Tạp chí
Thể thao giúp xây dựng tinh thần đồng đội.,Thể thao,Website,Thể thao giúp xây dựng tinh thần đồng đội. Website
Phim tài liệu về khoa học giúp hiểu biết hơn về thế giới.,Giải trí,Báo,Phim tài liệu về khoa học giúp hiểu biết hơn về thế giới. Báo
Anime là một hình thức nghệ thuật độc đáo đến từ Nhật Bản.,Anime,Website,Anime là một hình thức nghệ thuật độc đáo đến từ Nhật Bản. Website
Các nhân vật trong anime thường rất phong phú và đa dạng.,Anime,Báo,Các nhân vật trong anime thường rất phong phú và đa dạng. Báo
Phim hoạt hình giúp trẻ em phát triển trí tưởng tượng.,Hoạt hình,Tạp chí,Phim hoạt hình giúp trẻ em phát triển trí tưởng tượng. Tạp chí
Nhạc phim anime thường rất ấn tượng và dễ nhớ.,Anime,Website,Nhạc phim anime thường rất ấn tượng và dễ nhớ. Website
Chủ đề tình bạn là một phần quan trọng trong nhiều bộ anime.,Anime,Báo,Chủ đề tình bạn là một phần quan trọng trong nhiều bộ anime. Báo
Hoạt hình Disney luôn có sức hút với trẻ nhỏ.,Hoạt hình,Tạp chí,Hoạt hình Disney luôn có sức hút với trẻ nhỏ. Tạp chí
Anime có thể truyền tải nhiều thông điệp sâu sắc về cuộc sống.,Anime,Website,Anime có thể truyền tải nhiều thông điệp sâu sắc về cuộc sống. Website
Phong cách vẽ trong anime rất đặc trưng và dễ nhận diện.,Anime,Báo,Phong cách vẽ trong anime rất đặc trưng và dễ nhận diện. Báo
Phim hoạt hình 3D đang trở thành xu hướng hiện đại.,Hoạt hình,Tạp chí,Phim hoạt hình 3D đang trở thành xu hướng hiện đại. Tạp chí
Anime thường có những pha hành động mãn nhãn.,Anime,Website,Anime thường có những pha hành động mãn nhãn. Website
Nhiều bộ anime nổi tiếng đã được chuyển thể thành phim điện ảnh.,Anime,Báo,Nhiều bộ anime nổi tiếng đã được chuyển thể thành phim điện ảnh. Báo
Nhân vật phản diện trong anime thường rất phức tạp.,Anime,Tạp chí,Nhân vật phản diện trong anime thường rất phức tạp. Tạp chí
Hoạt hình là phương tiện giáo dục hiệu quả cho trẻ em.,Hoạt hình,Website,Hoạt hình là phương tiện giáo dục hiệu quả cho trẻ em. Website
Các bộ anime thường khám phá các chủ đề tâm lý sâu sắc.,Anime,Báo,Các bộ anime thường khám phá các chủ đề tâm lý sâu sắc. Báo
Phim hoạt hình giúp trẻ em hiểu biết hơn về thế giới.,Hoạt hình,Tạp chí,Phim hoạt hình giúp trẻ em hiểu biết hơn về thế giới. Tạp chí
Các fan anime thường tổ chức các sự kiện để giao lưu.,Anime,Website,Các fan anime thường tổ chức các sự kiện để giao lưu. Website
Hoạt hình Nhật Bản thường mang đậm văn hóa và truyền thống.,Hoạt hình,Báo,Hoạt hình Nhật Bản thường mang đậm văn hóa và truyền thống. Báo
Nhiều anime đã đạt được giải thưởng quốc tế về nghệ thuật.,Anime,Tạp chí,Nhiều anime đã đạt được giải thưởng quốc tế về nghệ thuật. Tạp chí
Phim hoạt hình có thể dạy trẻ em về tình bạn và sự chia sẻ.,Hoạt hình,Website,Phim hoạt hình có thể dạy trẻ em về tình bạn và sự chia sẻ. Website
Anime shounen thường có nhiều yếu tố hành động và phiêu lưu.,Anime,Báo,Anime shounen thường có nhiều yếu tố hành động và phiêu lưu. Báo
Phim hoạt hình có thể là một cách giải trí thú vị cho gia đình.,Hoạt hình,Tạp chí,Phim hoạt hình có thể là một cách giải trí thú vị cho gia đình. Tạp chí
Anime slice of life thường tập trung vào cuộc sống hàng ngày.,Anime,Website,Anime slice of life thường tập trung vào cuộc sống hàng ngày. Website
Các bộ anime thường có cốt truyện phức tạp và hấp dẫn.,Anime,Báo,Các bộ anime thường có cốt truyện phức tạp và hấp dẫn. Báo
Hoạt hình 2D vẫn luôn có chỗ đứng vững chắc trong lòng người hâm mộ.,Hoạt hình,Tạp chí,Hoạt hình 2D vẫn luôn có chỗ đứng vững chắc trong lòng người hâm mộ. Tạp chí
Anime lãng mạn thường chạm đến trái tim người xem.,Anime,Website,Anime lãng mạn thường chạm đến trái tim người xem. Website
Phim hoạt hình giúp phát triển tư duy sáng tạo cho trẻ em.,Hoạt hình,Báo,Phim hoạt hình giúp phát triển tư duy sáng tạo cho trẻ em. Báo
Nhạc nền trong anime có thể khiến người xem cảm xúc hơn.,Anime,Tạp chí,Nhạc nền trong anime có thể khiến người xem cảm xúc hơn. Tạp chí
Anime thường khám phá những khía cạnh sâu sắc của tình yêu.,Anime,Website,Anime thường khám phá những khía cạnh sâu sắc của tình yêu. Website
Các nhân vật nữ trong anime thường rất mạnh mẽ và độc lập.,Anime,Báo,Các nhân vật nữ trong anime thường rất mạnh mẽ và độc lập. Báo
Hoạt hình không chỉ dành cho trẻ em mà còn cho người lớn.,Hoạt hình,Tạp chí,Hoạt hình không chỉ dành cho trẻ em mà còn cho người lớn. Tạp chí
Nhiều anime nổi tiếng đã trở thành biểu tượng văn hóa toàn cầu.,Anime,Website,Nhiều anime nổi tiếng đã trở thành biểu tượng văn hóa toàn cầu. Website
Phim hoạt hình có thể chứa đựng nhiều bài học cuộc sống giá trị.,Hoạt hình,Báo,Phim hoạt hình có thể chứa đựng nhiều bài học cuộc sống giá trị. Báo
"Anime có nhiều thể loại khác nhau như hành động, hài hước và tâm lý.",Anime,Tạp chí,"Anime có nhiều thể loại khác nhau như hành động, hài hước và tâm lý. Tạp chí"
Nhân vật chính trong anime thường có một hành trình phát triển đáng nhớ.,Anime,Website,Nhân vật chính trong anime thường có một hành trình phát triển đáng nhớ. Website
Các bộ phim hoạt hình cổ điển vẫn được yêu thích đến ngày nay.,Hoạt hình,Báo,Các bộ phim hoạt hình cổ điển vẫn được yêu thích đến ngày nay. Báo
Anime thường sử dụng những yếu tố siêu nhiên để thu hút người xem.,Anime,Tạp chí,Anime thường sử dụng những yếu tố siêu nhiên để thu hút người xem. Tạp chí
Phim hoạt hình Nhật Bản thường có phong cách nghệ thuật độc đáo.,Hoạt hình,Website,Phim hoạt hình Nhật Bản thường có phong cách nghệ thuật độc đáo. Website
Anime thường có những câu chuyện tình yêu đầy cảm xúc.,Anime,Báo,Anime thường có những câu chuyện tình yêu đầy cảm xúc. Báo
Các bộ anime thường có những thông điệp mạnh mẽ về tình bạn.,Anime,Tạp chí,Các bộ anime thường có những thông điệp mạnh mẽ về tình bạn. Tạp chí
Hoạt hình giúp trẻ em phát triển khả năng giao tiếp xã hội.,Hoạt hình,Website,Hoạt hình giúp trẻ em phát triển khả năng giao tiếp xã hội. Website
Anime có thể làm cho người xem cảm thấy đồng cảm với các nhân vật.,Anime,Báo,Anime có thể làm cho người xem cảm thấy đồng cảm với các nhân vật. Báo
Nhân vật trong anime thường có những khả năng đặc biệt.,Anime,Tạp chí,Nhân vật trong anime thường có những khả năng đặc biệt. Tạp chí
Phim hoạt hình giúp mở rộng tầm hiểu biết về văn hóa khác.,Hoạt hình,Website,Phim hoạt hình giúp mở rộng tầm hiểu biết về văn hóa khác. Website
Các bộ anime thường có nhiều cảnh hành động hấp dẫn.,Anime,Báo,Các bộ anime thường có nhiều cảnh hành động hấp dẫn. Báo
Nhạc phim anime có thể tạo ra không khí đặc biệt cho câu chuyện.,Anime,Tạp chí,Nhạc phim anime có thể tạo ra không khí đặc biệt cho câu chuyện. Tạp chí
Phim hoạt hình có thể dạy trẻ em về giá trị của sự đoàn kết.,Hoạt hình,Website,Phim hoạt hình có thể dạy trẻ em về giá trị của sự đoàn kết. Website
Anime mang đến những giây phút thư giãn tuyệt vời cho người xem.,Anime,Báo,Anime mang đến những giây phút thư giãn tuyệt vời cho người xem. Báo
Các bộ phim hoạt hình thường mang lại những tiếng cười sảng khoái.,Hoạt hình,Tạp chí,Các bộ phim hoạt hình thường mang lại những tiếng cười sảng khoái. Tạp chí
Anime có thể khiến người xem khóc và cười cùng lúc.,Anime,Website,Anime có thể khiến người xem khóc và cười cùng lúc. Website
Các nhân vật trong anime thường trở thành biểu tượng cho thế hệ.,Anime,Báo,Các nhân vật trong anime thường trở thành biểu tượng cho thế hệ. Báo
Phim hoạt hình có thể khiến người xem cảm thấy hồi hộp.,Hoạt hình,Tạp chí,Phim hoạt hình có thể khiến người xem cảm thấy hồi hộp. Tạp chí
Anime thường khám phá các vấn đề xã hội trong một cách sâu sắc.,Anime,Website,Anime thường khám phá các vấn đề xã hội trong một cách sâu sắc. Website
Các bộ phim hoạt hình thường có những kết thúc bất ngờ.,Hoạt hình,Báo,Các bộ phim hoạt hình thường có những kết thúc bất ngờ. Báo
Anime giúp người xem có cái nhìn sâu sắc hơn về cuộc sống.,Anime,Tạp chí,Anime giúp người xem có cái nhìn sâu sắc hơn về cuộc sống. Tạp chí
Nhân vật trong anime thường có quá khứ phức tạp và thú vị.,Anime,Website,Nhân vật trong anime thường có quá khứ phức tạp và thú vị. Website
Phim hoạt hình giúp trẻ em hiểu về sự khác biệt giữa người và người.,Hoạt hình,Báo,Phim hoạt hình giúp trẻ em hiểu về sự khác biệt giữa người và người. Báo
Anime có thể tạo ra những mối quan hệ gắn kết giữa các fan.,Anime,Tạp chí,Anime có thể tạo ra những mối quan hệ gắn kết giữa các fan. Tạp chí
Các bộ phim hoạt hình thường mang lại cảm giác ấm áp và hạnh phúc.,Hoạt hình,Website,Các bộ phim hoạt hình thường mang lại cảm giác ấm áp và hạnh phúc. Website
Anime thường sử dụng những yếu tố văn hóa đặc trưng của Nhật Bản.,Anime,Báo,Anime thường sử dụng những yếu tố văn hóa đặc trưng của Nhật Bản. Báo
Phim hoạt hình có thể giúp phát triển kỹ năng tư duy của trẻ em.,Hoạt hình,Tạp chí,Phim hoạt hình có thể giúp phát triển kỹ năng tư duy của trẻ em. Tạp chí
Các bộ anime nổi tiếng thường có lượng fan trung thành lớn.,Anime,Website,Các bộ anime nổi tiếng thường có lượng fan trung thành lớn. Website
Anime thường khám phá những khía cạnh sâu sắc của tình yêu và sự mất mát.,Anime,Báo,Anime thường khám phá những khía cạnh sâu sắc của tình yêu và sự mất mát. Báo
Các nhân vật trong anime thường có sự phát triển mạnh mẽ trong suốt câu chuyện.,Anime,Tạp chí,Các nhân vật trong anime thường có sự phát triển mạnh mẽ trong suốt câu chuyện. Tạp chí
Phim hoạt hình không chỉ mang tính giải trí mà còn giáo dục.,Hoạt hình,Website,Phim hoạt hình không chỉ mang tính giải trí mà còn giáo dục. Website
Các bộ anime thường có nội dung đa dạng và phong phú.,Anime,Báo,Các bộ anime thường có nội dung đa dạng và phong phú. Báo
Anime có thể tạo ra những giây phút đáng nhớ cho người xem.,Anime,Tạp chí,Anime có thể tạo ra những giây phút đáng nhớ cho người xem. Tạp chí
Phim hoạt hình giúp truyền tải thông điệp một cách sinh động và dễ hiểu.,Hoạt hình,Website,Phim hoạt hình giúp truyền tải thông điệp một cách sinh động và dễ hiểu. Website
Các nhân vật trong anime thường có các mối quan hệ phức tạp và thú vị.,Anime,Báo,Các nhân vật trong anime thường có các mối quan hệ phức tạp và thú vị. Báo
Phim hoạt hình có thể chạm đến những vấn đề xã hội quan trọng.,Hoạt hình,Tạp chí,Phim hoạt hình có thể chạm đến những vấn đề xã hội quan trọng. Tạp chí
Anime giúp người xem cảm nhận được vẻ đẹp của cuộc sống.,Anime,Website,Anime giúp người xem cảm nhận được vẻ đẹp của cuộc sống. Website
Nhạc phim anime thường được các nghệ sĩ nổi tiếng sáng tác.,Anime,Báo,Nhạc phim anime thường được các nghệ sĩ nổi tiếng sáng tác. Báo
Các bộ phim hoạt hình thường có sự kết hợp giữa nghệ thuật và công nghệ.,Hoạt hình,Tạp chí,Các bộ phim hoạt hình thường có sự kết hợp giữa nghệ thuật và công nghệ. Tạp chí
Xem bộ phim mới ra mắt trên Netflix.," ""Giải trí"""," ""Blog""","Xem bộ phim mới ra mắt trên Netflix.  ""Blog"""
Đội bóng yêu thích của tôi đã thắng trận hôm qua.," ""Thể thao"""," ""Tin thể thao""","Đội bóng yêu thích của tôi đã thắng trận hôm qua.  ""Tin thể thao"""
Cuộc sống hàng ngày của người dân thành phố rất bận rộn.," ""Đời sống"""," ""Báo""","Cuộc sống hàng ngày của người dân thành phố rất bận rộn.  ""Báo"""
Tin tức mới nhất về tình hình thời tiết.," ""Tin tức"""," ""Đài truyền hình""","Tin tức mới nhất về tình hình thời tiết.  ""Đài truyền hình"""
Chương trình hài kịch này rất vui và thú vị.," ""Giải trí"""," ""Blog""","Chương trình hài kịch này rất vui và thú vị.  ""Blog"""
Giải vô địch bóng đá diễn ra vào cuối tuần này.," ""Thể thao"""," ""Tin thể thao""","Giải vô địch bóng đá diễn ra vào cuối tuần này.  ""Tin thể thao"""
Sức khỏe tâm thần rất quan trọng trong cuộc sống.," ""Đời sống"""," ""Tạp chí""","Sức khỏe tâm thần rất quan trọng trong cuộc sống.  ""Tạp chí"""
Tin tức về các sự kiện quốc tế đang thu hút sự chú ý.," ""Tin tức"""," ""Báo""","Tin tức về các sự kiện quốc tế đang thu hút sự chú ý.  ""Báo"""
Nghe nhạc và thư giãn là cách tốt để giải tỏa căng thẳng.," ""Giải trí"""," ""Blog""","Nghe nhạc và thư giãn là cách tốt để giải tỏa căng thẳng.  ""Blog"""
Thể hình và dinh dưỡng đóng vai trò quan trọng trong sức khỏe.," ""Thể thao"""," ""Tạp chí""","Thể hình và dinh dưỡng đóng vai trò quan trọng trong sức khỏe.  ""Tạp chí"""
Xem bộ phim mới ra mắt trên Netflix.," ""Giải trí"""," ""Blog""","Xem bộ phim mới ra mắt trên Netflix.  ""Blog"""
Đội bóng yêu thích của tôi đã thắng trận hôm qua.," ""Thể thao"""," ""Tin thể thao""","Đội bóng yêu thích của tôi đã thắng trận hôm qua.  ""Tin thể thao"""
Cuộc sống hàng ngày của người dân thành phố rất bận rộn.," ""Đời sống"""," ""Báo""","Cuộc sống hàng ngày của người dân thành phố rất bận rộn.  ""Báo"""
Tin tức mới nhất về tình hình thời tiết.," ""Tin tức"""," ""Đài truyền hình""","Tin tức mới nhất về tình hình thời tiết.  ""Đài truyền hình"""
Chương trình hài kịch này rất vui và thú vị.," ""Giải trí"""," ""Blog""","Chương trình hài kịch này rất vui và thú vị.  ""Blog"""
Giải vô địch bóng đá diễn ra vào cuối tuần này.," ""Thể thao"""," ""Tin thể thao""","Giải vô địch bóng đá diễn ra vào cuối tuần này.  ""Tin thể thao"""
Sức khỏe tâm thần rất quan trọng trong cuộc sống.," ""Đời sống"""," ""Tạp chí""","Sức khỏe tâm thần rất quan trọng trong cuộc sống.  ""Tạp chí"""
Tin tức về các sự kiện quốc tế đang thu hút sự chú ý.," ""Tin tức"""," ""Báo""","Tin tức về các sự kiện quốc tế đang thu hút sự chú ý.  ""Báo"""
Nghe nhạc và thư giãn là cách tốt để giải tỏa căng thẳng.," ""Giải trí"""," ""Blog""","Nghe nhạc và thư giãn là cách tốt để giải tỏa căng thẳng.  ""Blog"""
Thể hình và dinh dưỡng đóng vai trò quan trọng trong sức khỏe.," ""Thể thao"""," ""Tạp chí""","Thể hình và dinh dưỡng đóng vai trò quan trọng trong sức khỏe.  ""Tạp chí"""
Phim mới ra mắt đang thu hút rất nhiều sự chú ý,Giải trí,Website A,Phim mới ra mắt đang thu hút rất nhiều sự chú ý Website A
Đội tuyển bóng đá quốc gia vừa giành chiến thắng,Thể thao,Website B,Đội tuyển bóng đá quốc gia vừa giành chiến thắng Website B
Cuộc sống hiện đại đang ngày càng trở nên bận rộn hơn,Đời sống,Website C,Cuộc sống hiện đại đang ngày càng trở nên bận rộn hơn Website C
Tin tức nóng hổi về thị trường chứng khoán hôm nay,Tin tức,Website D,Tin tức nóng hổi về thị trường chứng khoán hôm nay Website D
Chương trình ca nhạc sẽ diễn ra vào cuối tuần này,Giải trí,Website A,Chương trình ca nhạc sẽ diễn ra vào cuối tuần này Website A
Vòng loại World Cup sẽ bắt đầu vào tháng tới,Thể thao,Website B,Vòng loại World Cup sẽ bắt đầu vào tháng tới Website B
Những mẹo chăm sóc sức khỏe cho người bận rộn,Đời sống,Website C,Những mẹo chăm sóc sức khỏe cho người bận rộn Website C
Chính phủ vừa công bố các chính sách mới về giáo dục,Tin tức,Website D,Chính phủ vừa công bố các chính sách mới về giáo dục Website D
Những bộ phim hài hước không thể bỏ lỡ trong năm nay,Giải trí,Website A,Những bộ phim hài hước không thể bỏ lỡ trong năm nay Website A
Các môn thể thao mùa đông đang thu hút người hâm mộ,Thể thao,Website B,Các môn thể thao mùa đông đang thu hút người hâm mộ Website B
Phim mới ra mắt đang thu hút rất nhiều sự chú ý,Giải trí,Website A,Phim mới ra mắt đang thu hút rất nhiều sự chú ý Website A
Đội tuyển bóng đá quốc gia vừa giành chiến thắng,Thể thao,Website B,Đội tuyển bóng đá quốc gia vừa giành chiến thắng Website B
Cuộc sống hiện đại đang ngày càng trở nên bận rộn hơn,Đời sống,Website C,Cuộc sống hiện đại đang ngày càng trở nên bận rộn hơn Website C
Tin tức nóng hổi về thị trường chứng khoán hôm nay,Tin tức,Website D,Tin tức nóng hổi về thị trường chứng khoán hôm nay Website D
Chương trình ca nhạc sẽ diễn ra vào cuối tuần này,Giải trí,Website A,Chương trình ca nhạc sẽ diễn ra vào cuối tuần này Website A
Vòng loại World Cup sẽ bắt đầu vào tháng tới,Thể thao,Website B,Vòng loại World Cup sẽ bắt đầu vào tháng tới Website B
Những mẹo chăm sóc sức khỏe cho người bận rộn,Đời sống,Website C,Những mẹo chăm sóc sức khỏe cho người bận rộn Website C
Chính phủ vừa công bố các chính sách mới về giáo dục,Tin tức,Website D,Chính phủ vừa công bố các chính sách mới về giáo dục Website D
Những bộ phim hài hước không thể bỏ lỡ trong năm nay,Giải trí,Website A,Những bộ phim hài hước không thể bỏ lỡ trong năm nay Website A
Các môn thể thao mùa đông đang thu hút người hâm mộ,Thể thao,Website B,Các môn thể thao mùa đông đang thu hút người hâm mộ Website B
